序号,酒店名,清洁程度,舒适程度,位置,设施/服务,员工素质,性价比,免费WiFi,评论数,价格,综合评价,离中心地区距离
0,上海复旦皇冠假日酒店,8.5,8.4,7.8,8.1,8,7.5,6.4,199,750,非常好,7
1,丽墅国家会展中心店,8.4,8.2,7.1,8.1,8.4,7.7,7.5,90,599,非常好,6
2,上海新世界丽笙大酒店,8.7,8.5,9.3,8.3,8.3,7.7,7.2,NaN,NaN,非常好,NaN
3,上海皇廷国际大酒店,8.5,8.4,7.1,8.2,8,7.7,7.3,784,695,非常好,2
4,上海浦东机场华美达广场酒店,8.2,7.9,8.5,7.6,7.4,6.6,7.5,NaN,NaN,好,1
5,浦东绿地铂骊酒店-,8.4,8.4,8,8.2,8.1,7.7,7.2,NaN,740,非常好,1
6,新爵皇家酒店（浦东机场大道店）,7.3,7.4,6.4,7.1,7.6,7.7,6.5,745,338,好,7
7,如家快捷酒店上海浦东机场晨阳路店,7.7,7.5,7.5,7.3,7.6,7.9,7.5,394,189,好,7
8,上海五角场凯悦酒店,9.2,9,8.6,8.9,8.5,8.2,8,361,950,很棒,8
9,上海浦东机场川沙亚朵轻居酒店,8.9,8.9,7.5,8.7,9,8.4,7.8,92,459,很棒,1
10,上海静安万枫酒店,9,8.5,7.5,8.2,7.7,7.9,7.3,82,NaN,非常好,NaN
11,上海国际旅游度假区-万怡酒店,8.8,8.7,8,8.5,8.3,7.9,7.9,559,557,非常好,8
12,上海丽豪国际大酒店,6.4,6.3,6,5.7,5.7,5.7,5.1,86,420,评分,8
13,上海皇廷世际酒店,9,8.9,7.1,8.7,8.1,8.5,7.4,186,NaN,非常好,6
14,锦江都城经典上海新城外滩酒店,8.8,8.8,9.2,8.4,8.3,8.2,7.8,NaN,869,很棒,NaN
15,上海三甲港绿地铂派酒店,8.7,8.1,6.5,7.9,7.9,7.9,7,153,472,好,9
16,上海雅居乐万豪酒店,9.1,9.1,9.2,8.8,8.6,8.1,7.7,NaN,NaN,很棒,NaN
17,锦江都城经典上海南京饭店,9.2,8.7,9.6,8.5,8.4,8.2,7.3,280,NaN,很棒,NaN
18,上海客莱福诺富特酒店,8.9,8.7,7.7,8.5,8.3,8.3,7.7,NaN,553,非常好,7
19,汉庭酒店上海浦东机场店,7.6,7.2,7,7,7.4,7.4,7.1,248,227,好,8
20,上海帝盛酒店,8.4,8.5,8.9,8.1,8.5,7.8,7.5,NaN,563,非常好,7
21,上海财大豪生大酒店,7.8,7.8,7.5,7.5,7.5,7.6,7.6,137,890,好,8
22,上海三甲港绿地铂骊酒店,9.4,8.8,7.4,8.7,8.7,8.7,7.4,79,540,很棒,8
23,如家快捷酒店上海浦东机场自由贸易区店,7.4,7.2,5.9,6.9,7,7.3,6.6,338,256,评分,9
24,同济君禧大酒店,8.6,8.6,8.8,8.7,8.8,8,7.9,147,NaN,很棒,NaN
25,新爵加一酒店,7.6,7.9,6.7,7.8,8.1,8.1,7.2,268,345,好,7
26,上海豫园万丽酒店,8.7,8.7,8.9,8.4,8.6,7.7,8,NaN,899,非常好,NaN
27,上海林隠艺术酒店,NaN,NaN,NaN,NaN,NaN,NaN,NaN,9,641,非常好,6
28,万信慧选酒店,6.2,6.4,6,6.2,6.2,6.6,5.3,181,288,评分,8
29,五角场智选假日酒店,6.6,6.8,6.9,6.4,6.7,6.4,6.3,234,394,评分,7
30,上海国信紫金山大酒店,8.1,7.9,8.5,7.7,7.8,7.3,7,694,653,好,NaN
31,康铂上海外滩店,8.9,8.7,8.6,8.4,8.4,8.4,7.3,NaN,641,很棒,NaN
32,上海富晟国际精品酒店浦东机场川沙迪士尼川黄路店,8.6,8.3,7.5,8.2,8.6,8.4,7.9,844,287,非常好,2
33,金门大酒店,7,7.1,9,6.5,6.6,6.6,6.4,NaN,781,好,NaN
34,上海索菲特海仑宾馆,8.5,8.3,9.2,8,8.1,7.5,7.9,NaN,NaN,非常好,NaN
35,上海复旦皇冠假日酒店,8.5,8.4,7.8,8.1,8,7.5,6.4,199,750,非常好,7
36,汉庭酒店上海复旦店,8,7.9,7.2,7.5,7.6,7.4,6.4,35,370,好,7
37,上海宝隆宾馆,8,7.8,6.8,7.6,7.6,6.9,5.4,26,598,好,7
38,上海静安万枫酒店,9,8.5,7.5,8.2,7.7,7.9,7.3,82,NaN,非常好,NaN
39,上海南青华美达酒店,8.6,8.6,6.4,8,7.7,8.3,7.4,258,458,好,8
40,如家精选上海浦东机场晨阳路店,7.7,7.7,7.4,7.7,7.6,7.9,7.5,132,289,好,6
41,上海虹桥美仑美居酒店,7.9,7.7,7,7.4,7.5,7.3,7.1,NaN,513,好,6
42,上海斯格威铂尔曼大酒店,8.3,8.4,8.5,8.1,8.3,7.8,7.6,NaN,856,非常好,NaN
43,上海明捷万丽酒店,9.1,9,8,8.9,8.7,8.1,8.5,387,NaN,很棒,6
44,上海中星君亭酒店,8.8,8.9,9.1,8.6,8.7,8.5,8,NaN,NaN,很棒,NaN
45,锦江都城经典上海南京饭店,9.2,8.7,9.6,8.5,8.4,8.2,7.3,280,NaN,很棒,NaN
46,上海外高桥皇冠假日酒店,8.7,8.7,7.2,8.4,8.7,8,7.8,107,557,非常好,6
47,上海皇廷花园酒店,8.9,8.8,7.6,8.2,7.9,7.3,7.5,29,NaN,非常好,9
48,卓美亚喜玛拉雅酒店,8.8,8.9,8.7,8.5,8.5,7.6,7.7,464,NaN,非常好,8
49,上海锦江饭店,8.2,8.2,8.8,7.8,7.7,7.5,7.6,436,792,非常好,NaN
50,上海广场长城假日酒店,7.7,7.5,8.1,7.3,7.5,7.1,6.6,647,479,好,NaN
51,上海静安铂尔曼酒店,8.5,8.4,8.3,8,8,7.8,8,NaN,NaN,非常好,NaN
52,同济君禧大酒店,8.6,8.6,8.8,8.7,8.8,8,7.9,147,NaN,很棒,NaN
53,万信慧选酒店,6.8,7.1,6.7,6.9,7.2,7.1,7,122,248,好,8
54,上海虹桥绿地铂骊酒店,9.1,8.9,7.6,8.6,8.5,8.1,7.6,722,NaN,非常好,7
55,上海航空酒店（上海浦东机场店）,6.2,6.4,7.4,6.3,6.7,6.9,6.2,741,648,评分,0
56,星之悦酒店上海迪士尼晚霞店,7.4,7.4,7.3,7.2,7.8,8,7,778,238,好,7
57,上海瑞金洲际酒店,9,9,9.1,8.6,8.6,8.1,8,320,NaN,很棒,NaN
58,上海银星皇冠假日酒店,7.8,7.9,8.1,7.6,8.2,7,7.3,242,890,好,5
59,上海辉盛庭国际公寓,8.9,9,9,8.7,8.7,8.3,8.3,NaN,NaN,很棒,NaN
60,上海浦西万怡酒店,8.9,8.9,8.4,8.6,8.7,8,7.9,687,658,很棒,NaN
61,上海大华锦绣假日酒店,8.7,8.6,7.3,8.3,8.3,8.1,7.2,346,590,非常好,7
62,上海浦东假日酒店,8.3,8.2,8,8.1,8.2,7.3,7.7,348,799,非常好,5
63,上海南翔佳日酒店,8.7,8.8,8.2,8.3,8.5,8.3,5.8,30,688,非常好,6
64,上海柏阳君亭酒店,8.5,8.4,6.7,8,8.1,8.1,7.4,175,598,非常好,6
65,上海裕景大饭店,NaN,NaN,NaN,NaN,NaN,NaN,NaN,304,651,好,NaN
66,全季上海虹桥国展中心纪翟路酒店,8.1,8,5.8,7.6,7.3,7.5,7,95,436,好,8
67,虹桥锦江大酒店（原虹桥喜来登上海太平洋大饭店）,7.9,7.8,7.8,7.4,7.9,6.6,7.1,238,700,好,7
68,上海千禧海鸥大酒店,8.1,8.2,8.1,7.9,7.7,7.2,7.4,489,720,好,8
69,九熠圣天地公寓,8.7,8.8,9.1,8.8,9.3,8.8,8.9,428,488,很棒,NaN
70,上海复旦皇冠假日酒店,8.5,8.4,7.8,8.1,8,7.5,6.4,199,750,非常好,7
71,上海金桥中心智选假日酒店,7.2,6.8,6.3,6.5,6.7,6.7,6.9,144,411,评分,0
72,上海贝尔特酒店,8.1,8,8.6,7.7,8,7.6,6.4,NaN,NaN,非常好,5
73,锦江都城经典上海南京饭店,9.2,8.7,9.6,8.5,8.4,8.2,7.3,280,NaN,很棒,NaN
74,上海天山广场凯悦嘉轩酒店,9.2,8.7,8.5,8.3,8.4,7.8,7.7,188,876,非常好,7
75,上海新发展亚太JW万豪酒店,8.6,8.6,7.6,8.2,8.3,7.6,8.3,161,NaN,非常好,7
76,人民广场云居公寓,9.6,9.5,9.7,9.5,9.6,9.7,7.5,34,NaN,优异的,NaN
77,上海静安英迪格酒店,NaN,NaN,NaN,NaN,NaN,NaN,NaN,NaN,NaN,NaN,NaN
78,乐泰精品花庭酒店,7.9,7.2,6.3,7.1,7.2,6.8,5.9,139,477,好,0
79,上海北方智选假日酒店,7.5,7.7,7.3,7.4,7.7,7.6,7.3,NaN,428,好,NaN
80,同济君禧大酒店,8.6,8.6,8.8,8.7,8.8,8,7.9,147,NaN,很棒,NaN
81,宜必思上海长寿路酒店,8,7.7,8.4,7.7,8.2,7.6,8.1,56,408,非常好,NaN
82,上海携程美居酒店,9.2,9,8.4,8.8,8.8,8.5,8,127,602,很棒,1
83,锦江都城经典上海静安寺酒店(原达华宾馆),8.1,7.9,7.8,7.8,7.7,7.8,6.6,208,599,好,NaN
84,上海懒人民宿原法租界店,NaN,NaN,NaN,NaN,NaN,NaN,NaN,NaN,NaN,NaN,NaN
85,上海GoodTime精品设计公寓,8.9,8.9,9.2,8.9,9,9,5,44,NaN,好极了,NaN
86,上海静安洲际酒店,8.9,8.8,8.2,8.7,8.5,8.1,7.5,370,NaN,非常好,NaN
87,上海辉盛庭国际公寓,8.9,9,9,8.7,8.7,8.3,8.3,NaN,NaN,很棒,NaN
88,上海翼居自助式服务公寓世纪公园店,8.7,8.7,8.7,8.2,8.8,8.2,8.2,21,800,很棒,7
89,上海金桥红枫万豪酒店,NaN,NaN,NaN,NaN,NaN,NaN,NaN,67,NaN,非常好,1
90,上海和平饭店,9.4,9.4,9.6,9.1,9.1,8.4,8,771,NaN,好极了,NaN
91,上海大隐国际青年旅舍（陆家嘴店）,8.2,8.1,7.4,8.3,8.6,8.4,7.1,559,480,非常好,5
92,如家精选上海人民广场金陵东路店,8.3,8.1,8.7,7.9,7.8,7.9,6.8,415,550,非常好,NaN
93,上海子鱼居外滩店,8.1,8.1,9.1,8,8.8,8.2,7.8,969,NaN,非常好,NaN
94,上海粤海酒店,6.8,6.7,6.4,6.6,6.6,6.8,7,25,NaN,评分,NaN
95,上海世纪皇冠假日酒店,8.3,8.3,7.9,8,8.3,7.5,7.3,240,NaN,非常好,7
96,上海品尊名致精品酒店公寓,8.6,8.8,8.3,8.6,8.6,8.6,7.6,NaN,642,很棒,6
97,虹桥郁锦香宾馆,8.1,8,8,8,7.6,7.3,7.3,98,829,好,6
98,几茶知更民宿,9.6,9.5,9.2,9.6,9.8,9.3,8.3,89,799,优异的,9
99,上海证大美爵酒店(原上海证大丽笙酒店),8.2,8.3,8,7.9,7.8,7.6,8.1,592,400,非常好,8
100,上海宝格丽酒店,NaN,NaN,NaN,NaN,NaN,NaN,NaN,24,NaN,很棒,NaN
101,上海西藏大厦万怡酒店,8.8,8.6,8.5,8.3,8.6,7.8,7.9,342,NaN,非常好,5
102,Alice's,NaN,NaN,NaN,NaN,NaN,NaN,NaN,NaN,680,NaN,NaN
103,上海虹桥机场枢纽美居酒店,8.1,7.8,8.2,7.4,7.7,7.4,7,NaN,570,好,2
104,上海滨江欣景大酒店,8,7.6,7.9,7.3,7.2,7.3,6.4,975,576,好,NaN
105,上海复旦皇冠假日酒店,8.5,8.4,7.8,8.1,8,7.5,6.4,199,750,非常好,7
106,Amy的家（交通大学旁华山路田园两居）,NaN,NaN,NaN,NaN,NaN,NaN,NaN,NaN,612,NaN,NaN
107,上海七重天宾馆,6.8,7,9.2,6.6,6.8,7.3,6.6,NaN,580,好,NaN
108,同济君禧大酒店,8.6,8.6,8.8,8.7,8.8,8,7.9,147,NaN,很棒,NaN
109,上海慢生活禅意民宿田子坊店,7.3,7.7,8.6,7.5,8,8,7.5,14,NaN,好,NaN
110,上海城市酒店,7.5,7.2,7.9,7,7.2,7.1,6.7,NaN,520,好,2
111,Wonderoom时尚设计公寓新天地店,8.3,8.1,8.3,7.8,8.9,8.1,7.5,9,NaN,非常好,2
112,上海浦东香格里拉大酒店,8.8,8.7,9.2,8.5,8.5,7.7,8,847,NaN,很棒,NaN
113,如家精选-上海新天地陆家浜路地铁站店,8.1,7.3,8,7.4,7.4,7.2,7,80,417,好,NaN
114,丽墅国家会展中心店,8.4,8.2,7.1,8.1,8.4,7.7,7.5,90,599,非常好,6
115,上海辉盛庭国际公寓,8.9,9,9,8.7,8.7,8.3,8.3,NaN,NaN,很棒,NaN
116,上海林隐假日酒店,7.2,7.7,7,7.3,7.5,7.3,6.7,15,320,好,6
117,道理,9.3,9.4,8.2,9.2,9.6,8.7,8.4,49,778,好极了,1
118,石库门老洋房,NaN,NaN,NaN,NaN,NaN,NaN,NaN,12,920,好极了,NaN
119,东怡大酒店,8.6,8.6,8.2,8.3,8.4,7.9,7.2,315,980,非常好,6
120,华亭宾馆,7.1,7.2,7.8,7,7.4,6.8,7,424,856,好,6
121,上海新锦江大酒店,7.5,7.5,8.5,7.3,7.5,7,6.9,480,691,好,NaN
122,上海粤海酒店,6.8,6.7,6.4,6.6,6.6,6.8,7,25,NaN,评分,NaN
123,上海东方滨江大酒店（上海国际会议中心）,8.4,8.4,8.9,7.9,7.7,7.7,7.1,270,NaN,非常好,NaN
124,新天地朗廷酒店,9.2,9.2,9.5,9,8.9,8.1,8.5,675,NaN,好极了,NaN
125,上海世博洲际酒店,8.6,8.6,7.7,8.5,8.4,7.6,7.6,302,NaN,非常好,NaN
126,上海新金桥智选假日酒店,8.3,8.1,6.7,7.8,8,7.6,7.1,68,NaN,好,4
127,上海闵行宝龙艾美酒店,8.9,8.7,7.9,8.7,8.4,7.6,8,122,900,非常好,4
128,上海璞邸精品酒店,8.1,8.2,8.6,7.5,7.1,7.5,6.8,259,869,好,NaN
129,锦江都城上海白玉兰酒店,7.8,7.6,7.5,7.3,7.4,7.5,6.5,57,NaN,好,NaN
130,上海原法租界小日子民宿淮海中路店,6.3,7,8.3,6.7,6.7,6.5,7.2,79,650,评分,NaN
131,上海外滩郁锦香新亚酒店,8.9,8.9,8.8,8.4,8,8.3,7.4,296,729,非常好,NaN
132,Warm,NaN,NaN,NaN,NaN,NaN,NaN,NaN,11,480,好极了,3
133,如家精选酒店上海徐家汇店,8.9,8.5,8.8,8.4,8.4,8.3,8.2,61,503,很棒,5
134,锦江都城经典上海青年会人民广场酒店,8.2,8.2,9,7.9,8.1,7.6,7.2,210,820,非常好,NaN
135,Wonderoom时尚设计公寓田子坊店,8,8.3,8.6,8,8.7,8.1,6.9,27,NaN,非常好,NaN
136,門堂酒店（浦東機場店）,NaN,NaN,NaN,NaN,NaN,NaN,NaN,NaN,218,NaN,0
137,全季酒店上海火车站天目西路店,8,7.8,7.4,7.5,7.3,7.6,6.9,318,341,好,NaN
138,玉墅花园别墅虹桥火车站店,8.3,8.2,6.7,7.9,8.7,7.7,8,95,860,好,6
139,上海大华虹桥假日酒店,8.4,8.1,7.6,8.1,8.1,7.3,7.5,193,880,好,4
140,上海复旦皇冠假日酒店,8.5,8.4,7.8,8.1,8,7.5,6.4,199,750,非常好,7
141,上海富豪金丰酒店,7.9,7.8,6.7,7.5,7.9,7.5,6.9,99,478,好,2
142,上海地平线世纪时空酒店公寓,5.8,6.4,8.6,6.1,7.3,6.4,7,148,381,评分,NaN
143,上海辉盛庭国际公寓,8.9,9,9,8.7,8.7,8.3,8.3,NaN,NaN,很棒,NaN
144,上海中航泊悦酒店（中国国际航空公司）,8.7,8.3,8.9,8.2,8.2,7.5,7.6,NaN,NaN,非常好,4
145,上海镇坪智选假日酒店,8.6,8.2,8.3,7.9,8.1,7.9,7.3,403,479,非常好,NaN
146,上海虹桥康得思酒店,9.3,9.3,9.1,9,8.8,8.4,7.7,356,NaN,好极了,5
147,上海浦东丽思卡尔顿酒店,9.3,9.2,9.3,9.2,9.1,8.1,8.6,576,NaN,好极了,NaN
148,上海斯维登精品公寓南京东路,8.3,8.2,9.1,7.8,8,7.8,7.8,530,NaN,非常好,NaN
149,上海漕河泾万丽酒店,9.1,9,7.7,8.8,9,7.9,8.4,112,NaN,很棒,0
150,上海粤海酒店,6.8,6.7,6.4,6.6,6.6,6.8,7,25,NaN,评分,NaN
151,御锦轩凯宾斯基全套房酒店,8.7,8.7,8.8,8.3,8.6,7.9,8,NaN,NaN,非常好,NaN
152,上海金桥钻石碧云苑服务公寓,9,9.1,8.4,8.7,8.6,8.9,7.4,71,NaN,很棒,3
153,上海锦江汤臣洲际大酒店,8.8,8.7,8.4,8.5,8.9,7.9,7.7,564,948,非常好,NaN
154,上海东锦江希尔顿逸林酒店,7.9,7.7,7.2,7.5,7.7,6.7,5.9,294,NaN,好,5
155,宜必思上海虹桥古北酒店,7.6,7.2,5.9,6.6,7,7.2,7.6,83,341,评分,8
156,碧云花园服务公寓-国际社区店,9.3,9.3,8.5,9.1,9,8.7,7.7,177,NaN,好极了,0
157,锦江都城上海白玉兰酒店,7.8,7.6,7.5,7.3,7.4,7.5,6.5,57,NaN,好,NaN
158,上海建工浦江皇冠假日酒店,8.9,8.8,6.4,9.1,8.6,7.6,7.4,42,660,非常好,5
159,上海南新雅大酒店,7.7,7.7,8.9,7.2,6.8,7.1,6.8,NaN,635,好,NaN
160,上海宝御大酒店,8,8.1,7.5,7.3,7.2,7.2,7.5,78,880,好,NaN
161,上海锦江国际饭店,7.3,7.3,8.6,7,7.3,6.5,6.7,157,831,好,NaN
162,富晟国际精品酒店（上海浦东机场2店）,8.4,8.1,6.5,8,8.1,8.3,7.8,336,556,好,0
163,上海世茂皇家艾美酒店,8.3,8.4,9.2,8.2,8.3,7.4,7.5,NaN,NaN,非常好,NaN
164,锦江都城外滩经典酒店,8.7,8.5,9.3,8,8,7.9,7.2,370,NaN,非常好,NaN
165,埃里克公寓,7.2,8,8.6,7.5,7.8,8,6.7,16,NaN,好,8
166,上海静安昆仑大酒店,8.5,8.3,8.5,8.1,8.2,7.5,7.4,974,840,非常好,NaN
167,上海虹桥元一希尔顿酒店,NaN,NaN,NaN,NaN,NaN,NaN,NaN,650,900,非常好,9
168,衡山马勒别墅饭店,8.7,8.7,8.9,8.4,8.3,7.9,7.4,439,NaN,非常好,2
169,上海红塔豪华精选酒店,8.8,8.6,8.1,8.3,8.1,7.9,8,414,NaN,非常好,5
170,上海扬子江万丽大酒店,8.5,8.3,8.2,8.1,8.7,7.2,7.6,190,NaN,非常好,7
171,上海艾本精品酒店,9.2,9.1,9.3,8.8,9.1,8.3,7.8,338,NaN,好极了,NaN
172,上海凯宾斯基大酒店,8.8,8.9,9,8.5,8.4,7.9,7.4,NaN,NaN,很棒,3
173,上海富豪环球东亚酒店,8.2,8,8.5,7.8,7.6,7.4,6.8,295,622,好,NaN
174,宜必思尚品上海新虹桥酒店,8.1,7.6,6.8,7.4,7.8,7.6,7.5,21,550,好,0
175,上海复旦皇冠假日酒店,8.5,8.4,7.8,8.1,8,7.5,6.4,199,750,非常好,7
176,上海大酒店,9,9,9.3,8.6,8.1,8,6.8,NaN,NaN,很棒,NaN
177,日月光酒店式公寓,7.2,7.7,8.9,7,6.9,7.3,8.3,50,NaN,好,NaN
178,上海粤海酒店,6.8,6.7,6.4,6.6,6.6,6.8,7,25,NaN,评分,NaN
179,上海浦东四季酒店,9.3,9.3,9,9.2,9.2,8.3,8.3,213,NaN,好极了,NaN
180,上海虹桥美利亚酒店,9.2,9,7.7,8.8,8.5,8.6,8.2,106,818,很棒,8
181,花园坊阳光公寓,8.4,8.4,9.1,8.4,9,7.9,7.5,41,680,非常好,2
182,上海苏宁环球万怡酒店,9,8.8,6.8,8.5,8.8,8,7.8,56,650,非常好,9
183,上海现代舒适精品公寓,NaN,NaN,NaN,NaN,NaN,NaN,NaN,24,NaN,优异的,NaN
184,锦江都城上海白玉兰酒店,7.8,7.6,7.5,7.3,7.4,7.5,6.5,57,NaN,好,NaN
185,上海新虹桥凯悦嘉轩酒店,9.2,9,6.9,8.8,8.9,8.6,7,75,756,很棒,4
186,国金汇,8.8,9,9.3,8.6,8.2,7.9,7.5,NaN,NaN,很棒,NaN
187,上海逸兰锦麟天地服务公寓,9,9.3,9.5,8.9,8.7,8.6,8,196,NaN,好极了,NaN
188,上海虹桥雅高美爵酒店,7.9,7.9,7.5,7.6,7.8,7.1,6.2,632,762,好,8
189,上海虹桥商务区凯悦嘉轩酒店,8.8,8.6,8.1,8,7.6,7.7,7.1,380,NaN,非常好,5
190,上海纳美民宿（蓝堡店）,NaN,NaN,NaN,NaN,NaN,NaN,NaN,32,504,好极了,4
191,锦江都城外滩经典酒店,8.7,8.5,9.3,8,8,7.9,7.2,370,NaN,非常好,NaN
192,上海中福大酒店,6,6.2,8.6,6.1,6.2,6.5,6.1,NaN,450,评分,NaN
193,上海原法租界小日子民宿永嘉路店,6.5,6.8,7.9,6.5,7.3,6.4,9.2,49,629,评分,NaN
194,上海Meego米果青文酒店,8.7,8.4,7.9,8.3,8.1,8.5,7.4,491,288,非常好,NaN
195,上海齐鲁万怡大酒店,8.7,8.4,8.3,8.1,8.5,7.7,7.9,636,780,非常好,NaN
196,静安香格里拉大酒店,9.1,9,9.3,8.8,8.4,7.7,8.3,328,NaN,很棒,NaN
197,上海静安紫苑酒店公寓,6.9,7.3,7.9,7.1,6.9,7.1,7.5,88,550,好,NaN
198,上海外滩中南海滨酒店（海湾大厦）,7.6,7.7,8.5,7.2,6.9,7.1,6,646,NaN,好,NaN
199,上海有在酒店,9.5,9.6,8.7,9.2,9.6,9,8.8,31,821,好极了,NaN
200,上海虹口三至喜来登酒店,8.3,8.4,7.9,8.1,8.1,7.4,6.7,353,729,非常好,NaN
201,原法租界,NaN,NaN,NaN,NaN,NaN,NaN,NaN,17,NaN,好,NaN
202,上海波特曼丽思卡尔顿酒店,8.8,8.8,9.1,8.5,8.9,7.9,8.1,738,NaN,很棒,NaN
203,汉庭优佳上海西藏南路酒店,8,7.7,8.5,7.5,7.6,7.3,7.2,74,379,好,2
204,开元曼居·上海火车站店,6.8,7,8.1,6.6,6.8,7.1,6,445,373,好,2
205,中油阳光大酒店,8.5,8.5,8.2,8.2,7.9,7.6,7,80,NaN,非常好,5
206,人民广场幸福时光三卧室公寓,NaN,NaN,NaN,NaN,NaN,NaN,NaN,30,NaN,优异的,NaN
207,一宿•,NaN,NaN,NaN,NaN,NaN,NaN,NaN,NaN,675,NaN,NaN
208,【一宿·yī,NaN,NaN,NaN,NaN,NaN,NaN,NaN,NaN,750,NaN,NaN
209,上海复旦皇冠假日酒店,8.5,8.4,7.8,8.1,8,7.5,6.4,199,750,非常好,7
210,洛登民宿,7.2,7.9,7.6,7.8,7.7,8,7.9,30,888,好,7
211,上海璞丽酒店,9.4,9.4,9.5,9.3,9.1,8.3,8.5,915,NaN,好极了,NaN
212,锦江都城上海白玉兰酒店,7.8,7.6,7.5,7.3,7.4,7.5,6.5,57,NaN,好,NaN
213,上海浦东星河湾酒店,8.3,8.3,7,7.9,7.3,7.3,7.1,105,NaN,好,7
214,宜必思上海新虹桥店,8.3,8.1,7.4,7.9,8,8,7.5,117,560,非常好,0
215,上海浦江智选假日酒店,NaN,NaN,NaN,NaN,NaN,NaN,NaN,40,454,非常好,3
216,上海虹桥绿地铂瑞酒店,9,9,7.6,8.8,8.5,8.1,7.2,172,NaN,非常好,7
217,上海子鱼居南京东路店,8.1,8.1,9.3,7.9,8.7,8.1,7.6,NaN,390,非常好,NaN
218,上海虹桥悦谊酒店公寓,5.8,6.4,9,6,6.6,5.2,3.8,13,498,评分,5
219,锦江都城外滩经典酒店,8.7,8.5,9.3,8,8,7.9,7.2,370,NaN,非常好,NaN
220,上海浦东嘉里大酒店,9,9,8.7,8.9,8.8,7.6,7.9,478,NaN,很棒,8
221,上海四季酒店,9.3,9.1,9,8.9,9.2,8.3,8.1,437,NaN,很棒,NaN
222,上海建国宾馆,7.9,7.7,8.4,7.6,7.7,7.2,6.4,413,774,好,5
223,上海浦东丽晟假日酒店,7.6,7.4,7.1,7.3,7.7,6.9,7.2,310,550,好,5
224,上海龙之梦大酒店,8,8.1,7.6,7.7,7.3,7.2,7.1,215,947,好,NaN
225,上海威斯汀大饭店,8.7,8.5,8.7,8.4,8.3,7.5,7.3,793,NaN,非常好,NaN
226,上海外滩中南海滨酒店（海湾大厦）,7.6,7.7,8.5,7.2,6.9,7.1,6,646,NaN,好,NaN
227,上海绿地普陀智选假日酒店,7.3,7.4,6.8,6.9,7,7,7.2,168,471,好,NaN
228,陕西路百年石库门地中海风情|近瑞金医院田子坊淮海路,NaN,NaN,NaN,NaN,NaN,NaN,NaN,NaN,378,NaN,NaN
229,上海通茂大酒店,7.3,7.5,7.7,7,7.3,7.1,6.1,136,742,好,5
230,上海大宁福朋喜来登酒店,8.2,8.1,8.1,8,8,7.2,6.9,184,NaN,好,5
231,逸兰金桥服务式公寓,9,9.2,8.3,8.8,8.5,8.6,7.8,284,825,很棒,9
232,上海百乐门精品酒店,8.4,8.4,9.2,7.9,8.2,7.8,7.6,NaN,NaN,非常好,NaN
233,上海古北湾大酒店,7.5,7.6,8.3,7.3,7.7,7.1,6.7,599,NaN,好,NaN
234,上海淳大万丽酒店,8.7,8.5,8,8.3,8.4,7.7,7.6,271,728,非常好,7
235,上海万豪虹桥大酒店,7.7,7.5,7.7,7.3,7.9,6.3,7.5,46,NaN,好,0
236,皇冠晶品酒店,7,7.3,6.8,6.9,7.1,7.2,6.7,74,468,好,6
237,上海龙之梦万丽酒店,8.4,8.4,8.8,8.2,8.2,7.5,7.6,641,NaN,非常好,5
238,上海青松城大酒店,7.9,7.7,8.5,7.1,7.4,7.2,7.7,137,711,好,NaN
239,上海静安瑞吉酒店,9,8.9,8.7,8.7,8.5,7.7,9,73,NaN,很棒,NaN
240,上海CJ公寓（襄阳北路66巷）,NaN,NaN,NaN,NaN,NaN,NaN,NaN,NaN,800,NaN,NaN
241,上海明天广场,9.1,8.9,9,8.7,8.9,7.9,7.8,323,NaN,很棒,NaN
242,上海君丽大酒店,8,8.1,8.2,7.8,8.1,7.4,6.7,325,504,好,6
243,上海郝完美彩虹农庄,NaN,NaN,NaN,NaN,NaN,NaN,NaN,21,268,优异的,1
244,上海复旦皇冠假日酒店,8.5,8.4,7.8,8.1,8,7.5,6.4,199,750,非常好,7
245,上海郝完美彩虹农庄,NaN,NaN,NaN,NaN,NaN,NaN,NaN,21,268,优异的,1
246,汉庭酒店上海虹桥枢纽七宝二店原上海虹桥枢纽沪星路店,7.1,7.4,6.8,7.1,7.6,7.1,7.1,38,360,好,4
247,锦江都城外滩经典酒店,8.7,8.5,9.3,8,8,7.9,7.2,370,NaN,非常好,NaN
248,北外滩阳光三房,NaN,NaN,NaN,NaN,NaN,NaN,NaN,9,NaN,非常好,NaN
249,克罗地亚,NaN,NaN,NaN,NaN,NaN,NaN,NaN,NaN,NaN,NaN,4
250,上海万达瑞华酒店,9.3,9.4,9.2,9.1,9,8.6,8.3,271,NaN,好极了,NaN
251,上海君衡城市酒店,NaN,NaN,NaN,NaN,NaN,NaN,NaN,NaN,688,NaN,3
252,上海新虹桥希尔顿花园酒店,8.3,8.3,7,7.7,7.5,7.4,6.9,77,700,好,0
253,外滩江景公寓,NaN,NaN,NaN,NaN,NaN,NaN,NaN,11,NaN,好极了,NaN
254,上海外滩中南海滨酒店（海湾大厦）,7.6,7.7,8.5,7.2,6.9,7.1,6,646,NaN,好,NaN
255,上海虹桥英迪格酒店,NaN,NaN,NaN,NaN,NaN,NaN,NaN,13,850,好,5
256,上海金桥中环碧云庭服务公寓,9.5,9.2,8.8,9.1,8.5,8.5,5.8,36,NaN,很棒,9
257,上海漫时光精品公寓,NaN,NaN,NaN,NaN,NaN,NaN,NaN,29,NaN,优异的,NaN
258,上海鹏利辉盛阁国际公寓,9.2,9.2,9.3,8.6,8.7,8.3,9.5,59,NaN,很棒,NaN
259,上海徐汇盛捷服务公寓,8.5,8.5,8.4,8.3,8.4,8,7.2,131,NaN,非常好,NaN
260,上海凯世精品酒店,9,9.1,9.6,8.5,9.1,8.3,8.1,323,NaN,很棒,NaN
261,上海古北湾大酒店,7.5,7.6,8.3,7.3,7.7,7.1,6.7,599,NaN,好,NaN
262,云间庄园,NaN,NaN,NaN,NaN,NaN,NaN,NaN,NaN,298,NaN,6
263,Wonderoom外滩奢华设计公寓,7.2,8.7,8.8,7.9,8.2,7.2,7.5,25,NaN,非常好,NaN
264,The,9.3,9.1,9.3,9.1,9.4,8.5,8.7,214,NaN,好极了,2
265,南阳大楼,7.9,7.5,8.1,7,7.3,7.5,7.5,28,NaN,好,NaN
266,王宝和大酒店,8.7,8.7,9.2,8.2,7.9,7.8,6.3,NaN,853,非常好,NaN
267,上海虹桥商务区凯悦嘉寓酒店,9.1,8.7,8.2,8.4,7.5,8,7.9,253,998,非常好,5
268,上海巴黎春天新世界酒店,8.9,8.8,8.8,8.6,8.8,8.1,7.7,881,NaN,很棒,NaN
269,上海虹桥新华联索菲特大酒店,9.2,9.2,7.5,9,8.5,8.5,7.7,833,NaN,很棒,6
270,世纪时空酒店式服务公寓（科斯莫）,7.8,7.8,9.1,7.7,8.6,8,7.5,640,373,非常好,NaN
271,上海外滩东方商旅精品酒店,9.1,9,9.4,8.6,8.5,8.2,7.6,NaN,NaN,很棒,NaN
272,上海外滩华尔道夫酒店,9.1,9.3,9.3,9,8.8,8,8.1,412,NaN,很棒,NaN
273,上海新协通大酒店,7,6.9,8.3,6.7,6.7,6.7,6.6,265,608,好,NaN
274,麗枫酒店上海虹桥机场吴中路店,6.6,6.8,6.9,6.9,7.2,6.7,4,16,516,评分,0
275,如家精选酒店上海五角场店,NaN,NaN,NaN,NaN,NaN,NaN,NaN,NaN,598,NaN,9
276,上海素凯泰酒店,9.5,9.1,9.8,8.9,9.1,8.1,8.5,62,NaN,好极了,NaN
277,家维斯,NaN,NaN,NaN,NaN,NaN,NaN,NaN,NaN,398,NaN,2
278,上海外滩浦华大酒店,8.5,8.3,7.8,8.4,8,7.7,7.9,198,633,非常好,NaN
279,上海复旦皇冠假日酒店,8.5,8.4,7.8,8.1,8,7.5,6.4,199,750,非常好,7
280,格林联盟上海市虹桥火车站会展中心北翟路酒店,6.4,5.4,4.3,6.4,6.4,5.7,5,7,312,评分,2
281,上海阿纳迪酒店,NaN,NaN,NaN,NaN,NaN,NaN,NaN,14,NaN,好极了,1
282,上海外滩中南海滨酒店（海湾大厦）,7.6,7.7,8.5,7.2,6.9,7.1,6,646,NaN,好,NaN
283,国家会展中心上海洲际酒店,9.2,9.1,8.1,8.9,8.8,8,7.9,404,NaN,很棒,7
284,纳美民宿（迪士尼店）,NaN,NaN,NaN,NaN,NaN,NaN,NaN,80,600,优异的,0
285,上海外滩英迪格酒店,8.8,8.7,8.8,8.6,8.4,7.4,8.4,522,NaN,非常好,NaN
286,上海苏宁宝丽嘉酒店,9.2,9.3,8.9,9.4,8.9,8.2,2.5,31,NaN,好极了,2
287,国际丽都公馆,8,8,9,7.8,8.4,7.8,7.5,200,450,非常好,NaN
288,九熠服务式公寓（迪士尼店）,NaN,NaN,NaN,NaN,NaN,NaN,NaN,10,988,优异的,4
289,上海古北湾大酒店,7.5,7.6,8.3,7.3,7.7,7.1,6.7,599,NaN,好,NaN
290,上海老陕客栈,8.4,7.9,9.2,8.1,8.7,8.4,7.3,NaN,328,非常好,NaN
291,全季酒店上海静安寺康定路店,7.6,7.5,7.4,7.2,7.3,7.2,7.2,181,408,好,NaN
292,全季酒店上海陆家嘴八佰伴店,7.8,7.5,8.4,7.1,7.1,7.1,6.6,207,512,好,NaN
293,桔子水晶酒店（上海漕河泾宜山路店）,NaN,NaN,NaN,NaN,NaN,NaN,NaN,NaN,NaN,NaN,9
294,上海新国际博览中心商旅叠加别墅,NaN,NaN,NaN,NaN,NaN,NaN,NaN,23,NaN,优异的,NaN
295,爱上居主题民宿（2店）,NaN,NaN,NaN,NaN,NaN,NaN,NaN,NaN,366,NaN,0
296,上海巴黎春天新世界酒店,8.9,8.8,8.8,8.6,8.8,8.1,7.7,881,NaN,很棒,NaN
297,锦江之星上海场中路酒店,NaN,NaN,NaN,NaN,NaN,NaN,NaN,NaN,265,NaN,0
298,全季酒店上海外滩天潼路店,7.8,7.7,8.6,7.2,7.2,7.3,6.3,121,531,好,NaN
299,上海浦东喜来登由由大酒店及公寓,8.2,8.2,8.1,7.9,8.2,7.4,6.4,423,NaN,非常好,NaN
300,上海新国际博览中心涵之居,NaN,NaN,NaN,NaN,NaN,NaN,NaN,NaN,388,NaN,8
301,格林豪泰上海市黄浦区斜土东路制造局路快捷酒店,NaN,NaN,NaN,NaN,NaN,NaN,NaN,NaN,246,NaN,NaN
302,田园公寓御水路3号,NaN,NaN,NaN,NaN,NaN,NaN,NaN,NaN,696,NaN,2
303,明亮的车道之家公寓,9.1,9.1,9.3,9.1,9.5,9,8.1,54,NaN,好极了,NaN
304,隐居繁华雅集公馆,NaN,NaN,NaN,NaN,NaN,NaN,NaN,NaN,NaN,NaN,NaN
305,上海东方绿舟酒店,NaN,NaN,NaN,NaN,NaN,NaN,NaN,NaN,NaN,NaN,6
306,海友酒店上海长海路店,NaN,NaN,NaN,NaN,NaN,NaN,NaN,NaN,246,NaN,9
307,格林豪泰上海市体育学院快捷酒店,NaN,NaN,NaN,NaN,NaN,NaN,NaN,NaN,340,NaN,1
308,7天上海浦东机场凌空路地铁站店,7.2,6.9,6.9,6.3,7,7,6.7,16,154,评分,3
309,全季酒店上海徐家汇店,6.9,6.8,8.6,6.9,7.4,6.6,6.3,88,569,好,5
310,上海哈一顿大酒店,6.8,6.1,6.5,6.2,6.4,6.3,5.5,82,970,评分,8
311,回家上海中山公园酒店式公寓,5.2,5.7,8.3,5.8,7.1,6.8,6,27,414,评分,5
312,如家快捷酒店上海吴淞客运码头店（原银座佳驿）,NaN,NaN,NaN,NaN,NaN,NaN,NaN,NaN,180,NaN,7
313,上海迪南居精品民宿,NaN,NaN,NaN,NaN,NaN,NaN,NaN,90,258,好极了,0
314,上海复旦皇冠假日酒店,8.5,8.4,7.8,8.1,8,7.5,6.4,199,750,非常好,7
315,全季酒店上海虹桥古北店,8.2,8.1,7.4,7.5,7.8,7.5,5.5,18,446,好,9
316,上海迪士尼民宿,NaN,NaN,NaN,NaN,NaN,NaN,NaN,NaN,698,NaN,0
317,上海古北湾大酒店,7.5,7.6,8.3,7.3,7.7,7.1,6.7,599,NaN,好,NaN
318,上海莫泰168昌平路店,7.6,7.1,7.9,6.9,7.2,7.6,7.8,120,265,好,3
319,上海扬子精品酒店,9,9,9.5,8.5,8.4,8.1,7.8,NaN,NaN,很棒,NaN
320,HJ小家3,NaN,NaN,NaN,NaN,NaN,NaN,NaN,NaN,559,NaN,NaN
321,薇爱精品时尚酒店吴中路店,NaN,NaN,NaN,NaN,NaN,NaN,NaN,NaN,560,NaN,9
322,格林豪泰上海迪士尼乐园罗山路地铁站快捷酒店,NaN,NaN,NaN,NaN,NaN,NaN,NaN,NaN,161,NaN,3
323,汉庭酒店上海江桥嘉怡路店,NaN,NaN,NaN,NaN,NaN,NaN,NaN,NaN,256,NaN,2
324,上海巴黎春天新世界酒店,8.9,8.8,8.8,8.6,8.8,8.1,7.7,881,NaN,很棒,NaN
325,上海宾馆,6.4,6,7.6,5.9,6.4,5.7,6.7,185,650,评分,NaN
326,上海协信莎玛虹桥服务式公寓,NaN,NaN,NaN,NaN,NaN,NaN,NaN,NaN,NaN,NaN,5
327,The,NaN,NaN,NaN,NaN,NaN,NaN,NaN,NaN,398,NaN,NaN
328,格林豪泰上海市虹桥路地铁站快捷酒店,NaN,NaN,NaN,NaN,NaN,NaN,NaN,NaN,275,NaN,5
329,田园公寓御桥路店5号,NaN,NaN,NaN,NaN,NaN,NaN,NaN,NaN,696,NaN,2
330,上海好望角大饭店,NaN,NaN,NaN,NaN,NaN,NaN,NaN,NaN,638,NaN,NaN
331,明亮的车道之家公寓,9.1,9.1,9.3,9.1,9.5,9,8.1,54,NaN,好极了,NaN
332,莲西路2501公寓,NaN,NaN,NaN,NaN,NaN,NaN,NaN,NaN,360,NaN,9
333,上海新虹桥凯悦嘉寓酒店,9.2,9.1,6.2,9.3,8.7,8.5,6.7,25,876,非常好,4
334,上海动漫主题公寓式民宿,NaN,NaN,NaN,NaN,NaN,NaN,NaN,NaN,458,NaN,1
335,上海绿地九龙宾馆,7.9,7.5,7.6,7.3,7.4,6.9,6.5,26,619,好,NaN
336,格林联盟上海市浦东新区迪士尼乐园北门酒店,NaN,NaN,NaN,NaN,NaN,NaN,NaN,NaN,236,NaN,0
337,维也纳酒店上海虹桥机场中心店,NaN,NaN,NaN,NaN,NaN,NaN,NaN,NaN,549,NaN,2
338,Wanina's,NaN,NaN,NaN,NaN,NaN,NaN,NaN,18,NaN,优异的,NaN
339,上海奥克伍德华庭,NaN,NaN,NaN,NaN,NaN,NaN,NaN,73,748,好,5
340,上海珠街阁大酒店,NaN,NaN,NaN,NaN,NaN,NaN,NaN,NaN,280,NaN,1
341,全季上海金桥酒店,NaN,NaN,NaN,NaN,NaN,NaN,NaN,11,360,非常好,1
342,上海舒馨屋酒店式公寓（浦东周浦万达广场店）,NaN,NaN,NaN,NaN,NaN,NaN,NaN,NaN,238,NaN,5
343,包豪斯国际青年旅舍,6.7,6.6,9,6.5,7.9,7.2,6.7,28,288,好,NaN
344,格林联盟上海市外滩豫园酒店,NaN,NaN,NaN,NaN,NaN,NaN,NaN,NaN,265,NaN,NaN
345,全季上海七宝地铁站酒店,NaN,NaN,NaN,NaN,NaN,NaN,NaN,NaN,465,NaN,4
346,薇爱精品时尚酒店（上海吴中路店）,NaN,NaN,NaN,NaN,NaN,NaN,NaN,NaN,NaN,NaN,9
347,格林联盟上海市闵行区虹桥枢纽黄桦路酒店,NaN,NaN,NaN,NaN,NaN,NaN,NaN,NaN,378,NaN,1
348,汉庭酒店上海外滩南京东路中心店,6.8,6.2,8.8,6.2,6.8,6.4,6,150,484,评分,NaN
349,上海复旦皇冠假日酒店,8.5,8.4,7.8,8.1,8,7.5,6.4,199,750,非常好,7
350,上海金沙智选假日酒店,8.2,8,7.6,7.8,8.1,7.5,7.4,240,429,好,0
351,莫泰酒店上海新村路地铁站甘泉公园店,NaN,NaN,NaN,NaN,NaN,NaN,NaN,NaN,199,NaN,6
352,上海巴黎春天新世界酒店,8.9,8.8,8.8,8.6,8.8,8.1,7.7,881,NaN,很棒,NaN
353,全季上海虹桥国展中心华翔路酒店,NaN,NaN,NaN,NaN,NaN,NaN,NaN,8,427,好,6
354,海友良品上海新金桥酒店,NaN,NaN,NaN,NaN,NaN,NaN,NaN,NaN,170,NaN,0
355,格林豪泰上海曹安路轻纺快捷酒店,NaN,NaN,NaN,NaN,NaN,NaN,NaN,NaN,265,NaN,1
356,如家快捷酒店上海国家会展中心虹桥机场店,6.6,6.6,6.6,6.9,6.7,6.9,5,13,275,评分,2
357,怡莱上海虹桥枢纽金丰路酒店,NaN,NaN,NaN,NaN,NaN,NaN,NaN,6,341,评分,8
358,曼泽尔酒店式公寓-御桥店,NaN,NaN,NaN,NaN,NaN,NaN,NaN,NaN,760,NaN,2
359,明亮的车道之家公寓,9.1,9.1,9.3,9.1,9.5,9,8.1,54,NaN,好极了,NaN
360,格林豪泰上海市北外滩宁国路地铁站商务酒店,7.5,7.8,7.8,7.8,8.1,6.9,8.8,8,207,好,8
361,上海凯仕摩世纪时空酒店式服务公寓,NaN,NaN,NaN,NaN,NaN,NaN,NaN,NaN,428,NaN,NaN
362,上海万里路国际青年酒店,7.3,7.4,7.7,7.3,7.5,8.1,5.6,NaN,200,好,5
363,金瓯旅馆,NaN,NaN,NaN,NaN,NaN,NaN,NaN,NaN,328,NaN,2
364,汉庭酒店上海德平路店,NaN,NaN,NaN,NaN,NaN,NaN,NaN,NaN,322,NaN,8
365,上海出师表大酒店,NaN,NaN,NaN,NaN,NaN,NaN,NaN,NaN,543,NaN,2
366,Wanina's,NaN,NaN,NaN,NaN,NaN,NaN,NaN,18,NaN,优异的,NaN
367,格林豪泰上海徐家汇体育馆地铁站贝壳酒店,6.5,5.5,8.2,5.9,7.5,5.9,5,11,284,评分,6
368,如家快捷酒店上海新国际博览中心张江高科地铁站店,NaN,NaN,NaN,NaN,NaN,NaN,NaN,5,256,非常好,1
369,宜必思尚品上海虹桥机场店,7.5,7.2,6.7,7,7.2,7.1,6.3,52,569,好,4
370,易佰良品酒店迪士尼机场店,7.2,6.9,6.7,7,7.9,7.3,7.9,36,148,好,8
371,乐椟688,NaN,NaN,NaN,NaN,NaN,NaN,NaN,NaN,NaN,NaN,NaN
372,格林联盟上海市江桥金沙江西路地铁站酒店,NaN,NaN,NaN,NaN,NaN,NaN,NaN,NaN,275,NaN,2
373,上海阳光之家公寓,NaN,NaN,NaN,NaN,NaN,NaN,NaN,19,NaN,好极了,NaN
374,海友上海漕河泾桂平路酒店,NaN,NaN,NaN,NaN,NaN,NaN,NaN,NaN,256,NaN,0
375,上海虹桥利嘉瑞贝庭公寓酒店,NaN,NaN,NaN,NaN,NaN,NaN,NaN,NaN,588,NaN,7
376,田园公寓莲溪路10号,NaN,NaN,NaN,NaN,NaN,NaN,NaN,NaN,436,NaN,9
377,上海临港滴水湖之家,NaN,NaN,NaN,NaN,NaN,NaN,NaN,NaN,350,NaN,5
378,Pu,NaN,NaN,NaN,NaN,NaN,NaN,NaN,NaN,360,NaN,2
379,7天连锁酒店上海漕宝路地铁站店,6.5,6.3,7.8,7,7.3,6.5,6.3,10,243,评分,7
380,上海虹桥迎宾馆,8.6,8.8,8.5,8.2,8.2,8,7.5,196,948,非常好,8
381,上海五重奏旅店,8.5,7.9,9.1,7.9,8.7,7.3,8.3,130,850,非常好,NaN
382,锦江之星上海漕宝路九星建材市场酒店,7.1,6.7,7.1,6.5,6.9,7,5.5,29,389,评分,2
383,如家快捷酒店上海外高桥自贸区店,NaN,NaN,NaN,NaN,NaN,NaN,NaN,NaN,199,NaN,6
384,上海复旦皇冠假日酒店,8.5,8.4,7.8,8.1,8,7.5,6.4,199,750,非常好,7
385,上海永星主题精品酒店,NaN,NaN,NaN,NaN,NaN,NaN,NaN,5,499,评分,NaN
386,原法租界老弄堂Loft洋房,NaN,NaN,NaN,NaN,NaN,NaN,NaN,NaN,663,NaN,2
387,明亮的车道之家公寓,9.1,9.1,9.3,9.1,9.5,9,8.1,54,NaN,好极了,NaN
388,海友上海北外滩平凉路酒店,NaN,NaN,NaN,NaN,NaN,NaN,NaN,NaN,189,NaN,6
389,上海静安康铂酒店,9,8.5,8.6,8.4,8.1,8.4,6.2,85,599,非常好,NaN
390,Downtown时尚LOFT,NaN,NaN,NaN,NaN,NaN,NaN,NaN,NaN,600,NaN,5
391,七天连锁酒店上海南京路步行街二店,6.8,5.9,7.6,6,7.7,5.6,7.5,24,266,评分,NaN
392,全季上海金桥国际商业广场酒店,NaN,NaN,NaN,NaN,NaN,NaN,NaN,5,322,好,0
393,上海邮电大厦,NaN,NaN,NaN,NaN,NaN,NaN,NaN,NaN,343,NaN,3
394,Wanina's,NaN,NaN,NaN,NaN,NaN,NaN,NaN,18,NaN,优异的,NaN
395,云上四季酒店上海新国际博览中心杨高南路地铁站店,5.8,5.8,6.7,5.4,6.4,6,5.3,40,NaN,评分,7
396,金瓯服务式公寓,NaN,NaN,NaN,NaN,NaN,NaN,NaN,NaN,NaN,NaN,NaN
397,汉庭酒店上海真光店,4.7,5.4,6.8,6.1,6.1,6.1,7.5,7,256,评分,9
398,上海莘庄亚朵酒店,NaN,NaN,NaN,NaN,NaN,NaN,NaN,NaN,579,NaN,8
399,汉庭酒店上海仙霞路店,NaN,NaN,NaN,NaN,NaN,NaN,NaN,NaN,370,NaN,9
400,海友上海金桥平度路酒店,NaN,NaN,NaN,NaN,NaN,NaN,NaN,NaN,180,NaN,1
401,上海阳光之家公寓,NaN,NaN,NaN,NaN,NaN,NaN,NaN,19,NaN,好极了,NaN
402,如家商旅酒店上海新村路地铁站店,NaN,NaN,NaN,NaN,NaN,NaN,NaN,NaN,294,NaN,7
403,锦江之星上海国际旅游度假区秀沿路地铁站酒店,8.8,8.5,8.1,8.5,8.6,7.8,6.7,18,332,非常好,6
404,上海悦尚居假日酒店,NaN,NaN,NaN,NaN,NaN,NaN,NaN,NaN,418,NaN,2
405,格林豪泰上海市大宁国际延长路地铁站商务酒店,NaN,NaN,NaN,NaN,NaN,NaN,NaN,NaN,341,NaN,5
406,七天连锁酒店上海南京路步行街店,NaN,NaN,NaN,NaN,NaN,NaN,NaN,17,332,评分,NaN
407,全季酒店上海虹桥吴中路店,8,7.6,7.6,7.4,7.2,7.6,6.8,58,531,好,9
408,人民广场亨利斯公寓,NaN,NaN,NaN,NaN,NaN,NaN,NaN,12,NaN,好,NaN
409,格林豪泰上海市光新路同济医院快捷酒店,NaN,NaN,NaN,NaN,NaN,NaN,NaN,NaN,226,NaN,5
410,海友上海火车站南广场酒店,NaN,NaN,NaN,NaN,NaN,NaN,NaN,NaN,246,NaN,NaN
411,汉庭上海川沙高科东路酒店,NaN,NaN,NaN,NaN,NaN,NaN,NaN,NaN,142,NaN,0
412,寓见美丽(瑞松店),NaN,NaN,NaN,NaN,NaN,NaN,NaN,NaN,299,NaN,7
413,迪士尼整套主题房,NaN,NaN,NaN,NaN,NaN,NaN,NaN,NaN,528,NaN,1
414,锦江之星,7,7.2,7.6,7.3,7.5,7.7,9.6,32,265,好,9
415,宜必思（上海联洋店）,6.6,6.5,7.8,6.4,7,6.7,6.8,370,399,评分,7
416,维也纳国际酒店上海浦东新国际博览中心店,NaN,NaN,NaN,NaN,NaN,NaN,NaN,NaN,388,NaN,0
417,上海虹桥雅辰悦居酒店,8.7,8.6,7.8,8.6,9.1,8.3,7.5,23,735,非常好,1
418,外滩江景房,NaN,NaN,NaN,NaN,NaN,NaN,NaN,NaN,682,NaN,NaN
419,上海复旦皇冠假日酒店,8.5,8.4,7.8,8.1,8,7.5,6.4,199,750,非常好,7
420,上海虹桥雅辰悦居酒店,8.7,8.6,7.8,8.6,9.1,8.3,7.5,23,735,非常好,1
421,外滩江景房,NaN,NaN,NaN,NaN,NaN,NaN,NaN,NaN,682,NaN,NaN
422,人民广场亨利斯公寓,NaN,NaN,NaN,NaN,NaN,NaN,NaN,12,NaN,好,NaN
423,中山公园北欧风格公寓,NaN,NaN,NaN,NaN,NaN,NaN,NaN,NaN,458,NaN,5
424,舍予精品民宿,NaN,NaN,NaN,NaN,NaN,NaN,NaN,NaN,338,NaN,4
425,海友良品上海东安路店,NaN,NaN,NaN,NaN,NaN,NaN,NaN,NaN,NaN,NaN,NaN
426,如家快捷酒店上海松江九亭九杜路店,NaN,NaN,NaN,NaN,NaN,NaN,NaN,NaN,208,NaN,7
427,星程酒店上海黄兴路店,NaN,NaN,NaN,NaN,NaN,NaN,NaN,NaN,303,NaN,6
428,上海豫园宜必思酒店,6.7,6.4,8.1,6.2,6.7,6.6,6,317,569,评分,NaN
429,Wanina's,NaN,NaN,NaN,NaN,NaN,NaN,NaN,18,NaN,优异的,NaN
430,卜凡国际青年酒店,7.8,8.1,7.6,7.7,8.2,8.6,7.5,45,NaN,非常好,1
431,格林联盟上海市浦东机场祝桥镇南祝路酒店,NaN,NaN,NaN,NaN,NaN,NaN,NaN,NaN,179,NaN,1
432,米丽之家民宿,NaN,NaN,NaN,NaN,NaN,NaN,NaN,NaN,278,NaN,5
433,上海衡山路十二号豪华精选酒店,8.8,8.8,8.8,8.6,8.3,7.7,8.1,106,NaN,非常好,NaN
434,海友上海徐家汇酒店,NaN,NaN,NaN,NaN,NaN,NaN,NaN,NaN,237,NaN,5
435,上海新天地安达仕酒店,8.9,8.9,9.4,8.8,8.8,8,8.2,357,NaN,很棒,NaN
436,上海阳光之家公寓,NaN,NaN,NaN,NaN,NaN,NaN,NaN,19,NaN,好极了,NaN
437,周桥公寓,NaN,NaN,NaN,NaN,NaN,NaN,NaN,NaN,238,NaN,9
438,莫泰酒店上海徐家汇八万人体育场天钥桥路店,7.5,7.4,7.9,6.9,7.6,7.2,6,36,284,好,5
439,宿适轻奢酒店（上海人民广场南京东路店）,NaN,NaN,NaN,NaN,NaN,NaN,NaN,7,449,评分,1
440,公主房内环品质高层离上海火车站一站地铁,NaN,NaN,NaN,NaN,NaN,NaN,NaN,NaN,260,NaN,4
441,本地生活绝佳位置1262号旅馆,NaN,NaN,NaN,NaN,NaN,NaN,NaN,NaN,515,NaN,NaN
442,上海外滩茂悦大酒店,8.6,8.6,8.6,8.4,8.3,7.5,7.6,NaN,NaN,非常好,NaN
443,上海新国际博览中心商旅公寓,NaN,NaN,NaN,NaN,NaN,NaN,NaN,31,NaN,优异的,NaN
444,莫泰酒店上海浦东川沙地铁川路店,8.3,8,7.8,8.1,8.2,8.5,7.9,111,170,非常好,1
445,莫泰酒店虹桥北新泾地铁站泉口路店,7.9,7,7.3,7.5,7.3,7.2,7.5,14,531,好,9
446,海上小喔陆家嘴店,8.1,7.6,8.5,7.6,8.1,8.1,5.4,40,328,非常好,NaN
447,锦江之星上海中山公园店,6.5,6.3,6.5,6.3,6.3,6.1,3.1,12,370,评分,5
448,海友良品上海外滩福州路酒店,7.4,6.6,8.5,6.3,6.4,7.1,7.7,91,379,好,NaN
449,汉庭酒店上海曹杨路店,NaN,NaN,NaN,NaN,NaN,NaN,NaN,NaN,341,NaN,5
450,上海中星铂尔曼大酒店,8.9,8.9,7.9,8.9,8.7,8.2,7.8,389,738,很棒,8
451,绿野仙踪公寓,NaN,NaN,NaN,NaN,NaN,NaN,NaN,NaN,NaN,NaN,NaN
452,初识轩,NaN,NaN,NaN,NaN,NaN,NaN,NaN,NaN,298,NaN,5
453,原法租界小日子民宿新天地店,7.4,7.4,8.2,7.7,7.1,7.2,7.9,26,468,好,NaN
454,上海复旦皇冠假日酒店,8.5,8.4,7.8,8.1,8,7.5,6.4,199,750,非常好,7
455,汉庭酒店上海制造局路店,NaN,NaN,NaN,NaN,NaN,NaN,NaN,NaN,313,NaN,NaN
456,Zhotels智尚酒店（上海人民广场店）,NaN,NaN,NaN,NaN,NaN,NaN,NaN,NaN,435,NaN,NaN
457,上海阳光之家公寓,NaN,NaN,NaN,NaN,NaN,NaN,NaN,19,NaN,好极了,NaN
458,格林豪泰上海市光大会展快捷酒店,NaN,NaN,NaN,NaN,NaN,NaN,NaN,6,NaN,评分,7
459,base浦三服务式公寓,NaN,NaN,NaN,NaN,NaN,NaN,NaN,NaN,671,NaN,5
460,喜乐民宿,NaN,NaN,NaN,NaN,NaN,NaN,NaN,NaN,318,NaN,6
461,汉庭酒店上海曹杨路店,NaN,NaN,NaN,NaN,NaN,NaN,NaN,NaN,341,NaN,5
462,城家公寓酒店,NaN,NaN,NaN,NaN,NaN,NaN,NaN,NaN,198,NaN,3
463,莫泰酒店上海曹杨新村枫桥路地铁站店,NaN,NaN,NaN,NaN,NaN,NaN,NaN,NaN,256,NaN,6
464,人民广场亨利斯公寓,NaN,NaN,NaN,NaN,NaN,NaN,NaN,12,NaN,好,NaN
465,莫泰酒店上海火车站北广场中兴路地铁站店,NaN,NaN,NaN,NaN,NaN,NaN,NaN,5,246,非常好,NaN
466,锦江之星上海徐家汇宛平南路酒店,7.8,7.8,7.8,7.4,7.5,7.4,6.9,19,322,好,5
467,汉庭酒店上海金桥国际广场店,NaN,NaN,NaN,NaN,NaN,NaN,NaN,NaN,189,NaN,0
468,轻宿东方明珠陆家嘴零距离套房,NaN,NaN,NaN,NaN,NaN,NaN,NaN,NaN,688,NaN,NaN
469,7天连锁酒店上海莘庄地铁站龙之梦广场店,NaN,NaN,NaN,NaN,NaN,NaN,NaN,NaN,210,NaN,6
470,汉庭上海陆家嘴东方路酒店,7.9,7.4,8.4,7.4,7.5,7.4,7.4,158,NaN,好,5
471,上海新国际博览中心商旅公寓,NaN,NaN,NaN,NaN,NaN,NaN,NaN,31,NaN,优异的,NaN
472,汉庭酒店上海龙阳路磁悬浮店,6,5.9,8.7,6.3,7.1,6.3,6.7,122,303,评分,8
473,CITYHOME-实业公寓38号店,NaN,NaN,NaN,NaN,NaN,NaN,NaN,NaN,NaN,NaN,5
474,格林联盟上海市闵行区交大酒店,NaN,NaN,NaN,NaN,NaN,NaN,NaN,NaN,188,NaN,5
475,莫泰酒店上海浦东南路八佰伴店,6.8,7,6.4,6.8,6.8,6.9,6,37,227,评分,NaN
476,,NaN,NaN,NaN,NaN,NaN,NaN,NaN,NaN,349,NaN,6
477,汉庭上海柳州路酒店,NaN,NaN,NaN,NaN,NaN,NaN,NaN,NaN,275,NaN,7
478,上海新黄浦酒店公寓,8.1,8.3,8.6,7.9,7.6,7.7,7.1,948,NaN,非常好,NaN
479,汉庭上海国家会展中心纪翟路酒店,NaN,NaN,NaN,NaN,NaN,NaN,NaN,NaN,294,NaN,9
480,上海浦东喜来登由由公寓,NaN,NaN,NaN,NaN,NaN,NaN,NaN,5,NaN,好,NaN
481,如家快捷酒店上海徐家汇路蒙自路店,7.1,6.9,7.2,6.9,6.9,7.3,7.2,75,246,好,3
482,Al,NaN,NaN,NaN,NaN,NaN,NaN,NaN,5,130,很棒,4
483,黑弄·田子坊精品民宿,NaN,NaN,NaN,NaN,NaN,NaN,NaN,33,640,很棒,NaN
484,星程上海火车站北广场酒店,NaN,NaN,NaN,NaN,NaN,NaN,NaN,NaN,199,NaN,NaN
485,格林联盟上海市火车站北虬江路酒店,NaN,NaN,NaN,NaN,NaN,NaN,NaN,NaN,284,NaN,NaN
486,普庆商务酒店,7.1,6.4,6.1,6.6,7.3,7.5,7.5,12,178,评分,5
487,三十三宿,NaN,NaN,NaN,NaN,NaN,NaN,NaN,NaN,498,NaN,1
488,迪士尼2站,NaN,NaN,NaN,NaN,NaN,NaN,NaN,NaN,680,NaN,6
489,上海复旦皇冠假日酒店,8.5,8.4,7.8,8.1,8,7.5,6.4,199,750,非常好,7
490,莫泰酒店上海外高桥自贸区五号门洲海路店,NaN,NaN,NaN,NaN,NaN,NaN,NaN,5,218,评分,6
491,汉庭酒店上海徐家汇天钥桥路店,7.3,6.1,7.9,6.7,7.9,6.3,7.5,12,294,好,5
492,人民广场亨利斯公寓,NaN,NaN,NaN,NaN,NaN,NaN,NaN,12,NaN,好,NaN
493,如家快捷酒店上海浦东川六公路店,7.6,7.7,6.3,7.4,7.4,8,7.6,206,104,好,4
494,维也纳酒店上海世博园店,7.3,7.1,7,7.3,7.2,6.6,6.3,26,693,好,7
495,静安宾馆,7.2,6.9,8.2,6.6,6.8,6.8,7.2,115,684,好,NaN
496,和颐酒店上海新天地田子坊店,NaN,NaN,NaN,NaN,NaN,NaN,NaN,NaN,655,NaN,NaN
497,如家精选-上海浦东机场川沙地铁站店,8.3,8,8.2,7.9,8.3,8.2,6.9,32,303,非常好,2
498,如家快捷酒店上海外高桥自贸区花山路店,NaN,NaN,NaN,NaN,NaN,NaN,NaN,NaN,208,NaN,7
499,上海新国际博览中心商旅公寓,NaN,NaN,NaN,NaN,NaN,NaN,NaN,31,NaN,优异的,NaN
500,汉庭酒店上海静安寺店,6,5.8,7.5,5.6,6.2,6,6,61,322,评分,NaN
501,上海骏豪酒店式公寓（南京西路店）,6.2,6.3,8.5,6.5,7.2,6.4,6.5,88,588,评分,NaN
502,上海星公寓,7.8,7.9,7.8,7.2,7.4,7.9,8.1,18,699,好,7
503,维也纳国际酒店（上海火车站龙门店）,6.4,6.9,7.5,6.5,6.7,6.8,6,57,435,评分,NaN
504,格林豪泰上海市世博园区北艾路快捷酒店,6.6,7,7.5,6.4,8,6.7,8.1,16,227,好,7
505,IU酒店上海闵行交大东川路地铁站店,NaN,NaN,NaN,NaN,NaN,NaN,NaN,NaN,243,NaN,4
506,上海新黄浦酒店公寓,8.1,8.3,8.6,7.9,7.6,7.7,7.1,948,NaN,非常好,NaN
507,Zhotels智尚酒店（上海五角场复旦大学店,NaN,NaN,NaN,NaN,NaN,NaN,NaN,NaN,455,NaN,8
508,全季上海莘庄龙之梦酒店,8.8,8.8,8.8,8.6,8.8,8.8,7.5,7,408,很棒,6
509,近地铁和上海新国际博览中心旁精致一室户,NaN,NaN,NaN,NaN,NaN,NaN,NaN,NaN,348,NaN,7
510,猫屿妳,NaN,NaN,NaN,NaN,NaN,NaN,NaN,NaN,500,NaN,NaN
511,上海迪士尼附近河景房河滨小筑,NaN,NaN,NaN,NaN,NaN,NaN,NaN,NaN,299,NaN,8
512,浮隐·宿(上海迪士尼浦东国际机场店),NaN,NaN,NaN,NaN,NaN,NaN,NaN,NaN,269,NaN,4
513,上海雅诗阁淮海路服务公寓,7.9,8.1,9.1,7.7,8,7.5,6.8,342,NaN,非常好,NaN
514,汉庭优佳上海虹桥枢纽火车站酒店,NaN,NaN,NaN,NaN,NaN,NaN,NaN,8,389,好,4
515,古通公寓民宿,NaN,NaN,NaN,NaN,NaN,NaN,NaN,NaN,484,NaN,3
516,上海画里人家民宿,NaN,NaN,NaN,NaN,NaN,NaN,NaN,NaN,398,NaN,7
517,维也纳酒店上海虹桥机场九亭店,4.6,4.2,6.3,5,5.4,5.8,5,6,560,评分,5
518,维也纳酒店上海宝山吴淞店,NaN,NaN,NaN,NaN,NaN,NaN,NaN,NaN,312,NaN,6
519,汉庭酒店上海虹桥机场店,7.6,7.4,7.2,7.2,7.7,7.4,7.4,154,303,好,2
520,上海雅舍宾馆,5.8,5.9,6.4,5.6,6,6.1,6,143,477,评分,5
521,莫泰酒店上海虹桥枢纽国家会展中心店,6.7,6.4,5.9,6.6,7.2,6.6,6.6,55,341,评分,5
522,FAY‘S,NaN,NaN,NaN,NaN,NaN,NaN,NaN,NaN,726,NaN,NaN
523,全季上海世博上南路酒店,NaN,NaN,NaN,NaN,NaN,NaN,NaN,NaN,750,NaN,7
524,上海复旦皇冠假日酒店,8.5,8.4,7.8,8.1,8,7.5,6.4,199,750,非常好,7
525,花溪民宿（华路店）,NaN,NaN,NaN,NaN,NaN,NaN,NaN,NaN,400,NaN,4
526,上海喵掌柜民宿,NaN,NaN,NaN,NaN,NaN,NaN,NaN,NaN,NaN,NaN,0
527,上海新国际博览中心商旅公寓,NaN,NaN,NaN,NaN,NaN,NaN,NaN,31,NaN,优异的,NaN
528,汉庭上海人民广场大沽路酒店,8.1,8.1,7.8,7.1,7.8,7,8.3,17,370,好,NaN
529,4号超大两卧室,NaN,NaN,NaN,NaN,NaN,NaN,NaN,NaN,532,NaN,1
530,临港新城温馨家园,NaN,NaN,NaN,NaN,NaN,NaN,NaN,NaN,518,NaN,4
531,汉庭酒店上海东安路二店,NaN,NaN,NaN,NaN,NaN,NaN,NaN,5,NaN,评分,NaN
532,全季上海静安寺酒店,5.8,6.2,7.6,5.7,6.6,5.8,6.2,41,436,评分,NaN
533,N202轰趴馆,NaN,NaN,NaN,NaN,NaN,NaN,NaN,NaN,NaN,NaN,2
534,上海新黄浦酒店公寓,8.1,8.3,8.6,7.9,7.6,7.7,7.1,948,NaN,非常好,NaN
535,万体馆loft公寓,NaN,NaN,NaN,NaN,NaN,NaN,NaN,NaN,327,NaN,6
536,【漫居】1号线200米衡山路徐家汇静安寺复式清新风,NaN,NaN,NaN,NaN,NaN,NaN,NaN,NaN,288,NaN,NaN
537,如家快捷酒店上海金桥碧云杨高中路店,NaN,NaN,NaN,NaN,NaN,NaN,NaN,NaN,151,NaN,1
538,锦江之星上海闵行工业园区文井路酒店,8.4,8.2,6.3,8.1,7.7,8.4,6.7,22,208,好,7
539,格林豪泰上海市虹桥机场二店快捷酒店,NaN,NaN,NaN,NaN,NaN,NaN,NaN,5,341,评分,1
540,迷鹿,NaN,NaN,NaN,NaN,NaN,NaN,NaN,NaN,397,NaN,NaN
541,上海雅诗阁淮海路服务公寓,7.9,8.1,9.1,7.7,8,7.5,6.8,342,NaN,非常好,NaN
542,全季上海虹桥延安西路酒店,8.5,8.2,7.1,8,7.5,7.8,6.8,30,531,好,0
543,汉庭酒店上海外滩江西中路店,7,6.9,8.7,6.7,7.1,7.1,7,386,579,好,NaN
544,楠庭里,NaN,NaN,NaN,NaN,NaN,NaN,NaN,NaN,199,NaN,0
545,上海美伦酒店公寓,NaN,NaN,NaN,NaN,NaN,NaN,NaN,12,558,好,NaN
546,如家快捷酒店上海东川路碧江商业广场店,NaN,NaN,NaN,NaN,NaN,NaN,NaN,NaN,218,NaN,5
547,如家商旅酒店上海南京路步行街店,NaN,NaN,NaN,NaN,NaN,NaN,NaN,6,531,好,NaN
548,上海新国际博览中心亚朵酒店,NaN,NaN,NaN,NaN,NaN,NaN,NaN,8,NaN,非常好,NaN
549,艾莉的花园,NaN,NaN,NaN,NaN,NaN,NaN,NaN,5,600,评分,6
550,上海迪士尼安馨主题民宿,NaN,NaN,NaN,NaN,NaN,NaN,NaN,NaN,388,NaN,1
551,上海航头凯莱酒店,NaN,NaN,NaN,NaN,NaN,NaN,NaN,NaN,168,NaN,3
552,7天优品上海天山路店,NaN,NaN,NaN,NaN,NaN,NaN,NaN,NaN,321,NaN,8
553,海友上海新华医院酒店,NaN,NaN,NaN,NaN,NaN,NaN,NaN,NaN,189,NaN,6
554,海友客栈上海华师大店,6.9,6,8.8,6.9,7.2,6.6,8.8,8,189,好,6
555,汉庭酒店上海大宁灵石公园店,NaN,NaN,NaN,NaN,NaN,NaN,NaN,NaN,284,NaN,6
556,上海建滔诺富特酒店,9.4,9.1,7.5,8.8,8.9,8.5,7.4,120,565,很棒,1
557,海友酒店上海南站店,NaN,NaN,NaN,NaN,NaN,NaN,NaN,NaN,180,NaN,9
558,汉庭酒店上海四川北路中心店,NaN,NaN,NaN,NaN,NaN,NaN,NaN,NaN,303,NaN,NaN
559,上海复旦皇冠假日酒店,8.5,8.4,7.8,8.1,8,7.5,6.4,199,750,非常好,7
560,锦江之星品尚上海新天地西藏南路酒店,8.3,7.2,7.8,7.3,7.7,7.1,7.8,25,408,好,NaN
561,海友酒店上海大华三路店,NaN,NaN,NaN,NaN,NaN,NaN,NaN,NaN,170,NaN,7
562,上海新黄浦酒店公寓,8.1,8.3,8.6,7.9,7.6,7.7,7.1,948,NaN,非常好,NaN
563,田园公寓御桥路店28号,NaN,NaN,NaN,NaN,NaN,NaN,NaN,NaN,696,NaN,2
564,云上四季酒店上海沪太路店,NaN,NaN,NaN,NaN,NaN,NaN,NaN,NaN,180,NaN,7
565,如家商旅-上海华东师范大学吴泾店,NaN,NaN,NaN,NaN,NaN,NaN,NaN,NaN,284,NaN,1
566,上海云峰大饭店,NaN,NaN,NaN,NaN,NaN,NaN,NaN,NaN,368,NaN,NaN
567,汉庭酒店上海陆家浜路店,8.2,7.8,7.8,7.7,7.8,8.2,7.5,38,332,好,NaN
568,上海国展宝龙丽筠酒店,8,7.8,6.1,7.2,7.3,6.9,7.8,28,633,好,3
569,上海雅诗阁淮海路服务公寓,7.9,8.1,9.1,7.7,8,7.5,6.8,342,NaN,非常好,NaN
570,外滩南京路一步之遥温馨小屋,NaN,NaN,NaN,NaN,NaN,NaN,NaN,NaN,698,NaN,NaN
571,7天连锁酒店上海陆家嘴八佰伴浦电路地铁站店,7.3,7.5,8.7,7.7,8.6,7.7,7.5,15,188,好,NaN
572,申城佳苑，北欧风格精装，近迪士尼/张江高科/浦东机场/上海国际博览中心,NaN,NaN,NaN,NaN,NaN,NaN,NaN,NaN,150,NaN,6
573,宜必思上海北外滩周家嘴路酒店,8.9,8.4,6.3,7.9,8.3,7.9,7.5,20,322,非常好,7
574,汉庭酒店上海广中路店,7.2,7.5,6.3,7.2,7.2,6,5,8,265,评分,5
575,贝壳上海市浦东新区高行镇自贸区秋岚路酒店,NaN,NaN,NaN,NaN,NaN,NaN,NaN,NaN,160,NaN,5
576,上海新国际博览中心亚朵酒店,NaN,NaN,NaN,NaN,NaN,NaN,NaN,8,NaN,非常好,NaN
577,汉庭酒店上海人民广场店,6.9,7.1,8.1,7.3,7.7,6.1,6.9,12,332,好,NaN
578,上海古象大酒店,8.3,8.2,9.2,7.9,7.8,7.6,7.1,NaN,840,非常好,NaN
579,佳和上居酒店,8.3,7.9,7.7,7.9,7.9,8.2,7.3,180,539,非常好,1
580,海友上海浦东机场晨阳路酒店,NaN,NaN,NaN,NaN,NaN,NaN,NaN,NaN,139,NaN,7
581,莫泰酒店上海新天地徐家汇路店,5.6,5.7,7,5.7,6.3,6,6.5,114,208,评分,NaN
582,阳光城愉景湾公寓,NaN,NaN,NaN,NaN,NaN,NaN,NaN,NaN,375,NaN,1
583,新天地旁设计师公寓,8.8,9.2,9.3,9.2,9.8,9.2,7.1,44,NaN,好极了,NaN
584,莫泰168（上海浦东金桥金高路店）,7.7,7.9,6.9,7.7,7.4,8,8,33,199,好,4
585,Charlene's,NaN,NaN,NaN,NaN,NaN,NaN,NaN,NaN,430,NaN,2
586,Jing,NaN,NaN,NaN,NaN,NaN,NaN,NaN,NaN,488,NaN,NaN
587,秀亭农家,NaN,NaN,NaN,NaN,NaN,NaN,NaN,NaN,NaN,NaN,9
588,汉庭酒店上海万体馆南店,NaN,NaN,NaN,NaN,NaN,NaN,NaN,NaN,303,NaN,6
589,全季上海浦东大道滨江酒店,8.4,7.9,7.4,8,8,7.6,7.5,22,332,好,5
590,格林联盟上海市城隍庙外滩酒店,5.3,4.5,7,4.8,6.5,5,5.6,10,378,评分,NaN
591,全季上海外滩南京东路步行街酒店,7.8,6.6,9.2,7.2,6.7,5.8,7,21,550,好,NaN
592,上海海友酒店静安寺西店,7.5,6.9,9.6,7.9,8.6,7.1,5,12,474,好,NaN
593,上海建业里嘉佩乐酒店,9.6,9.7,9.1,9.5,9,8.6,9.4,55,NaN,好极了,NaN
594,上海复旦皇冠假日酒店,8.5,8.4,7.8,8.1,8,7.5,6.4,199,750,非常好,7
595,阳阳,NaN,NaN,NaN,NaN,NaN,NaN,NaN,NaN,399,NaN,9
596,上海海舟大酒店,NaN,NaN,NaN,NaN,NaN,NaN,NaN,NaN,NaN,NaN,1
597,上海雅诗阁淮海路服务公寓,7.9,8.1,9.1,7.7,8,7.5,6.8,342,NaN,非常好,NaN
598,上海火车站,NaN,NaN,NaN,NaN,NaN,NaN,NaN,NaN,360,NaN,NaN
599,汉庭酒店上海大宁国际新店,NaN,NaN,NaN,NaN,NaN,NaN,NaN,NaN,246,NaN,5
600,如家精选-上海羽山路源深体育中心店,8.1,8,7.6,7.9,8,8,6.9,101,370,好,5
601,Jing'an,NaN,NaN,NaN,NaN,NaN,NaN,NaN,NaN,658,NaN,NaN
602,汉庭酒店上海虹桥枢纽华漕店,NaN,NaN,NaN,NaN,NaN,NaN,NaN,NaN,284,NaN,4
603,格林豪泰上海虹桥机场公寓酒店,6.5,6.7,7,6.4,7.2,6.8,6.5,96,303,评分,1
604,上海新国际博览中心亚朵酒店,NaN,NaN,NaN,NaN,NaN,NaN,NaN,8,NaN,非常好,NaN
605,上海悠存公寓503,NaN,NaN,NaN,NaN,NaN,NaN,NaN,NaN,530,NaN,NaN
606,汉庭上海虹桥枢纽火车站新店,7.8,7.5,6.9,7.3,7.3,7.5,7.3,30,341,好,3
607,酒吧公寓,NaN,NaN,NaN,NaN,NaN,NaN,NaN,NaN,388,NaN,NaN
608,上海国际丽都公馆酒店式服务公寓,NaN,NaN,NaN,NaN,NaN,NaN,NaN,NaN,540,NaN,NaN
609,外滩潮一居,NaN,NaN,NaN,NaN,NaN,NaN,NaN,NaN,659,NaN,NaN
610,SleepMe,NaN,NaN,NaN,NaN,NaN,NaN,NaN,NaN,988,NaN,NaN
611,新天地旁设计师公寓,8.8,9.2,9.3,9.2,9.8,9.2,7.1,44,NaN,好极了,NaN
612,怡尚轩服务式公寓,NaN,NaN,NaN,NaN,NaN,NaN,NaN,NaN,800,NaN,NaN
613,格林豪泰上海市新天地老西门地铁站贝壳酒店,NaN,NaN,NaN,NaN,NaN,NaN,NaN,6,313,好,NaN
614,汉庭酒店上海外滩延安东路店,NaN,NaN,NaN,NaN,NaN,NaN,NaN,NaN,465,NaN,NaN
615,欧式风情红酒主题公寓,NaN,NaN,NaN,NaN,NaN,NaN,NaN,NaN,358,NaN,6
616,上海札乐别墅,NaN,NaN,NaN,NaN,NaN,NaN,NaN,NaN,NaN,NaN,0
617,印度清真旅馆,NaN,NaN,NaN,NaN,NaN,NaN,NaN,NaN,150,NaN,4
618,Shanghai,NaN,NaN,NaN,NaN,NaN,NaN,NaN,5,NaN,非常好,NaN
619,音乐LOFT,NaN,NaN,NaN,NaN,NaN,NaN,NaN,NaN,828,NaN,NaN
620,苏河景观LOFT公寓,NaN,NaN,NaN,NaN,NaN,NaN,NaN,NaN,868,NaN,NaN
621,邂逅,NaN,NaN,NaN,NaN,NaN,NaN,NaN,NaN,350,NaN,5
622,汉庭酒店上海七浦路店,NaN,NaN,NaN,NaN,NaN,NaN,NaN,6,275,评分,NaN
623,7天连锁酒店上海长寿路地铁站巴黎春天店,NaN,NaN,NaN,NaN,NaN,NaN,NaN,NaN,243,NaN,NaN
624,汉庭酒店上海漕河泾宜山路店,8.5,8.2,7.3,8.1,7.8,8.3,7,114,NaN,非常好,0
625,维也纳智好酒店上海虹桥机场吴中路店,8.2,8,6.6,7.7,6.9,6.9,7.1,16,521,好,0
626,万科琥珀臻园,NaN,NaN,NaN,NaN,NaN,NaN,NaN,NaN,NaN,NaN,1
627,上海世纪时空酒店公寓,6.1,6.2,8.3,6,6.5,6.8,9.2,32,528,评分,NaN
628,湖景公寓房(地铁1号线通河新村站),NaN,NaN,NaN,NaN,NaN,NaN,NaN,NaN,369,NaN,2
629,上海复旦皇冠假日酒店,8.5,8.4,7.8,8.1,8,7.5,6.4,199,750,非常好,7
630,海友良品上海浦江酒店,NaN,NaN,NaN,NaN,NaN,NaN,NaN,NaN,199,NaN,7
631,上海市智能青年旅舍,NaN,NaN,NaN,NaN,NaN,NaN,NaN,NaN,639,NaN,9
632,上海新国际博览中心亚朵酒店,NaN,NaN,NaN,NaN,NaN,NaN,NaN,8,NaN,非常好,NaN
633,陆家嘴林峰短租,NaN,NaN,NaN,NaN,NaN,NaN,NaN,NaN,200,NaN,4
634,外滩,NaN,NaN,NaN,NaN,NaN,NaN,NaN,NaN,699,NaN,NaN
635,Gary's,NaN,NaN,NaN,NaN,NaN,NaN,NaN,7,950,好,NaN
636,斜土路瑜伽公寓,NaN,NaN,NaN,NaN,NaN,NaN,NaN,NaN,600,NaN,NaN
637,徐汇酒店式公寓复式一居,NaN,NaN,NaN,NaN,NaN,NaN,NaN,NaN,328,NaN,8
638,海友酒店上海淮海中路店,NaN,NaN,NaN,NaN,NaN,NaN,NaN,NaN,284,NaN,NaN
639,新天地旁设计师公寓,8.8,9.2,9.3,9.2,9.8,9.2,7.1,44,NaN,好极了,NaN
640,莫泰酒店上海民星路店,NaN,NaN,NaN,NaN,NaN,NaN,NaN,NaN,275,NaN,1
641,汉庭酒店上海周浦小上海店,NaN,NaN,NaN,NaN,NaN,NaN,NaN,NaN,170,NaN,6
642,上海嘉豪淮海国际豪生酒店,7.7,7.8,9.1,7.4,7.6,7.3,6.7,192,900,好,NaN
643,海友上海中山公园武夷路酒店,NaN,NaN,NaN,NaN,NaN,NaN,NaN,NaN,284,NaN,5
644,星程酒店上海田林店,8.3,8.2,7.7,7.5,7.9,7.7,6.3,44,398,好,8
645,陆家嘴明城酒店,NaN,NaN,NaN,NaN,NaN,NaN,NaN,NaN,NaN,NaN,7
646,Shanghai,NaN,NaN,NaN,NaN,NaN,NaN,NaN,5,NaN,非常好,NaN
647,锦江之星上海虹桥枢纽国家会展中心酒店,8,7.9,6.6,7.4,7.7,7.7,6.9,34,360,好,8
648,海友酒店上海铜川路店,NaN,NaN,NaN,NaN,NaN,NaN,NaN,NaN,199,NaN,8
649,锦江之星上海东方明珠酒店,6.8,6.3,7.4,6.5,6.9,6.8,6.6,118,351,评分,NaN
650,宜必思上海世博成山路酒店,7.1,7.2,7,6.8,6.7,7.1,6.8,90,379,好,7
651,锦江都城酒店上海徐家汇南华亭宾馆,NaN,NaN,NaN,NaN,NaN,NaN,NaN,NaN,599,NaN,6
652,上海札乐精品公寓,NaN,NaN,NaN,NaN,NaN,NaN,NaN,NaN,799,NaN,8
653,汉庭酒店上海南丹东路店,7.7,7.3,7.5,7.2,7.1,7.3,8.1,97,NaN,好,NaN
654,慢致名人民宿,NaN,NaN,NaN,NaN,NaN,NaN,NaN,NaN,389,NaN,NaN
655,锦江之星上海世博店,7.4,7,7.2,6.9,7.6,7.5,6.1,49,360,好,8
656,一宿·谧逸,NaN,NaN,NaN,NaN,NaN,NaN,NaN,NaN,612,NaN,NaN
657,7天连锁酒店上海宜川路店,NaN,NaN,NaN,NaN,NaN,NaN,NaN,NaN,221,NaN,5
658,汉庭酒店上海金桥中心店,NaN,NaN,NaN,NaN,NaN,NaN,NaN,NaN,170,NaN,1
659,上海三甲港绿地铂瑞酒店,NaN,NaN,NaN,NaN,NaN,NaN,NaN,NaN,943,NaN,9
660,海友酒店上海大木桥店,NaN,NaN,NaN,NaN,NaN,NaN,NaN,NaN,218,NaN,NaN
661,海友良品上海徐家汇宛平南路酒店,NaN,NaN,NaN,NaN,NaN,NaN,NaN,NaN,246,NaN,5
662,新天地花园洋房,NaN,NaN,NaN,NaN,NaN,NaN,NaN,NaN,350,NaN,NaN
663,上海爱丽小屋主题公寓,NaN,NaN,NaN,NaN,NaN,NaN,NaN,NaN,358,NaN,4
664,上海复旦皇冠假日酒店,8.5,8.4,7.8,8.1,8,7.5,6.4,199,750,非常好,7
665,上海爱丽小屋主题公寓,NaN,NaN,NaN,NaN,NaN,NaN,NaN,NaN,358,NaN,4
666,上海中邺提子酒店,NaN,NaN,NaN,NaN,NaN,NaN,NaN,NaN,168,NaN,3
667,新天地旁设计师公寓,8.8,9.2,9.3,9.2,9.8,9.2,7.1,44,NaN,好极了,NaN
668,锦江之星上海张江金融信息园酒店,NaN,NaN,NaN,NaN,NaN,NaN,NaN,NaN,275,NaN,9
669,上海老木国际青年旅舍,8,7.9,7.9,7.8,8.1,8.3,6.5,803,190,非常好,5
670,海友客栈上海杨浦大桥店,NaN,NaN,NaN,NaN,NaN,NaN,NaN,NaN,199,NaN,8
671,北欧阳光观景大床房3/4/11/13地铁,NaN,NaN,NaN,NaN,NaN,NaN,NaN,NaN,388,NaN,7
672,途客中国（上海徐家汇襄阳南路店）,NaN,NaN,NaN,NaN,NaN,NaN,NaN,NaN,417,NaN,NaN
673,上海永嘉,NaN,NaN,NaN,NaN,NaN,NaN,NaN,NaN,450,NaN,NaN
674,Shanghai,NaN,NaN,NaN,NaN,NaN,NaN,NaN,5,NaN,非常好,NaN
675,汉庭酒店上海田子坊店,6.9,5.6,6.6,6,6,5.3,5,8,322,评分,3
676,贝壳上海市浦东新区黄楼镇芙蓉路酒店,NaN,NaN,NaN,NaN,NaN,NaN,NaN,5,150,好,9
677,Shanghai,NaN,NaN,NaN,NaN,NaN,NaN,NaN,NaN,NaN,NaN,NaN
678,上海淮海中路上图一室一厅带厨卫木屋,NaN,NaN,NaN,NaN,NaN,NaN,NaN,12,NaN,很棒,NaN
679,汉庭酒店上海大柏树店,NaN,NaN,NaN,NaN,NaN,NaN,NaN,NaN,275,NaN,6
680,唯依空间,NaN,NaN,NaN,NaN,NaN,NaN,NaN,NaN,790,NaN,NaN
681,汉庭酒店上海南丹东路店,7.7,7.3,7.5,7.2,7.1,7.3,8.1,97,NaN,好,NaN
682,全季酒店上海张江华夏中路店,7.9,7.9,8.8,7.9,8.3,7.5,8.8,6,NaN,非常好,5
683,上海滩花园,NaN,NaN,NaN,NaN,NaN,NaN,NaN,NaN,NaN,NaN,NaN
684,泗泾乐墅园公寓式酒店,NaN,NaN,NaN,NaN,NaN,NaN,NaN,NaN,350,NaN,3
685,上海南外滩瑞峰酒店,5.6,6,6.2,5.5,5.7,6.1,4.5,96,291,评分,3
686,汉庭酒店上海虹桥枢纽火车站店,7.8,7.6,6.6,7.4,7.8,7.6,6.9,52,436,好,5
687,格林联盟上海市浦东新区外高桥保税区张杨北路酒店,NaN,NaN,NaN,NaN,NaN,NaN,NaN,NaN,160,NaN,6
688,新天地老上海公寓,NaN,NaN,NaN,NaN,NaN,NaN,NaN,11,NaN,优异的,NaN
689,上海星愿酒店式公寓,NaN,NaN,NaN,NaN,NaN,NaN,NaN,NaN,600,NaN,1
690,上海湛宏酒店式公寓,NaN,NaN,NaN,NaN,NaN,NaN,NaN,NaN,239,NaN,5
691,海上小喔东方明珠店,NaN,NaN,NaN,NaN,NaN,NaN,NaN,NaN,330,NaN,NaN
692,如家精选-上海淮海路思南路店,6.7,6.4,8.9,6.3,6.9,6.2,6,35,474,评分,NaN
693,如果遇见你小墅,NaN,NaN,NaN,NaN,NaN,NaN,NaN,NaN,NaN,NaN,1
694,上海乐途静安国际青年旅舍,8.2,7.8,8.5,7.8,8,7.8,6.5,801,244,非常好,NaN
695,浦东新国际会展科技馆双室民宿,NaN,NaN,NaN,NaN,NaN,NaN,NaN,NaN,NaN,NaN,7
696,梦奇花园,NaN,NaN,NaN,NaN,NaN,NaN,NaN,NaN,980,NaN,5
697,汉庭酒店（上海川沙地铁站店）,7.1,7,8.1,6.8,7.6,7.5,6.8,226,161,好,1
698,暖窝公寓,NaN,NaN,NaN,NaN,NaN,NaN,NaN,NaN,300,NaN,8
699,上海复旦皇冠假日酒店,8.5,8.4,7.8,8.1,8,7.5,6.4,199,750,非常好,7
700,The,NaN,NaN,NaN,NaN,NaN,NaN,NaN,NaN,688,NaN,NaN
701,汉庭酒店上海财大吉浦路店,NaN,NaN,NaN,NaN,NaN,NaN,NaN,NaN,332,NaN,9
702,Shanghai,NaN,NaN,NaN,NaN,NaN,NaN,NaN,5,NaN,非常好,NaN
703,上海襄阳公寓,NaN,NaN,NaN,NaN,NaN,NaN,NaN,NaN,598,NaN,NaN
704,樱桃星辰公寓,NaN,NaN,NaN,NaN,NaN,NaN,NaN,NaN,218,NaN,1
705,汉庭酒店上海南京东路店,6.1,5.6,8.4,5.6,6.3,6,6.2,164,351,评分,1
706,柏曼酒店(上海浦东国际机场乐园度假区店),NaN,NaN,NaN,NaN,NaN,NaN,NaN,NaN,299,NaN,0
707,汉庭酒店上海闵行东川路店,NaN,NaN,NaN,NaN,NaN,NaN,NaN,NaN,199,NaN,5
708,12号线地铁口两室精致小公寓,NaN,NaN,NaN,NaN,NaN,NaN,NaN,NaN,369,NaN,1
709,汉庭酒店上海南丹东路店,7.7,7.3,7.5,7.2,7.1,7.3,8.1,97,NaN,好,NaN
710,希岸酒店上海徐家汇日月光中心店,NaN,NaN,NaN,NaN,NaN,NaN,NaN,NaN,536,NaN,7
711,遇见你圣天地服务式公寓,NaN,NaN,NaN,NaN,NaN,NaN,NaN,NaN,328,NaN,NaN
712,野生动物园两居室,NaN,NaN,NaN,NaN,NaN,NaN,NaN,NaN,499,NaN,0
713,DL,NaN,NaN,NaN,NaN,NaN,NaN,NaN,10,398,评分,NaN
714,格林豪泰上海市徐家汇宜山路地铁站快捷酒店,7.2,6.3,7.8,6.9,7.5,6.3,7.5,9,256,好,5
715,jukeNO2,NaN,NaN,NaN,NaN,NaN,NaN,NaN,NaN,498,NaN,NaN
716,新天地老上海公寓,NaN,NaN,NaN,NaN,NaN,NaN,NaN,11,NaN,优异的,NaN
717,精致一居室靠近松江大学城地铁站万达附近,NaN,NaN,NaN,NaN,NaN,NaN,NaN,NaN,268,NaN,0
718,如家快捷酒店上海柳州路光大会展中心店,6.5,6.7,7.2,6.5,7,6.8,4.2,15,265,评分,7
719,未之社区,NaN,NaN,NaN,NaN,NaN,NaN,NaN,NaN,180,NaN,1
720,汉庭酒店上海虹桥枢纽北翟路店,NaN,NaN,NaN,NaN,NaN,NaN,NaN,NaN,256,NaN,3
721,STARHOUSE,NaN,NaN,NaN,NaN,NaN,NaN,NaN,6,NaN,好,NaN
722,如家快捷酒店上海世纪大道商城路店,NaN,NaN,NaN,NaN,NaN,NaN,NaN,5,284,评分,5
723,Wonderoom时尚设计公寓人民广场店,NaN,NaN,NaN,NaN,NaN,NaN,NaN,19,NaN,非常好,NaN
724,如家快捷酒店上海闵行华东师范大学吴泾店,NaN,NaN,NaN,NaN,NaN,NaN,NaN,NaN,189,NaN,9
725,迪士尼包接送泰和记忆,NaN,NaN,NaN,NaN,NaN,NaN,NaN,NaN,358,NaN,1
726,上海中庚聚龙酒店,NaN,NaN,NaN,NaN,NaN,NaN,NaN,NaN,NaN,NaN,3
727,莫泰酒店上海柳州路光大会展中心店,6.9,6.3,7,6.7,7.2,7,7.2,19,246,评分,7
728,上海国际贵都大饭店,8.6,8.6,8.8,8.3,8.3,8,7,NaN,750,非常好,NaN
729,上海宜林君亭酒店,NaN,NaN,NaN,NaN,NaN,NaN,NaN,NaN,789,NaN,7
730,【Agel,NaN,NaN,NaN,NaN,NaN,NaN,NaN,NaN,699,NaN,3
731,C4民宿,NaN,NaN,NaN,NaN,NaN,NaN,NaN,NaN,383,NaN,5
732,格林豪泰上海市延长中路沪太路快捷酒店,NaN,NaN,NaN,NaN,NaN,NaN,NaN,6,237,评分,5
733,全季酒店上海虹桥机场店,7.5,7.3,7.1,6.8,7.4,6.6,7.5,25,474,好,3
734,上海复旦皇冠假日酒店,8.5,8.4,7.8,8.1,8,7.5,6.4,199,750,非常好,7
735,上海宜林君亭酒店,NaN,NaN,NaN,NaN,NaN,NaN,NaN,NaN,789,NaN,7
736,【Agel,NaN,NaN,NaN,NaN,NaN,NaN,NaN,NaN,699,NaN,3
737,汉庭酒店上海南丹东路店,7.7,7.3,7.5,7.2,7.1,7.3,8.1,97,NaN,好,NaN
738,馨居别墅,NaN,NaN,NaN,NaN,NaN,NaN,NaN,NaN,NaN,NaN,9
739,C4民宿,NaN,NaN,NaN,NaN,NaN,NaN,NaN,NaN,383,NaN,5
740,格林豪泰上海市延长中路沪太路快捷酒店,NaN,NaN,NaN,NaN,NaN,NaN,NaN,6,237,评分,5
741,迟迟的小屋,NaN,NaN,NaN,NaN,NaN,NaN,NaN,NaN,NaN,NaN,8
742,7天连锁酒店上海大柏树店,NaN,NaN,NaN,NaN,NaN,NaN,NaN,NaN,254,NaN,6
743,汉庭上海大宁国际广粤路酒店,NaN,NaN,NaN,NaN,NaN,NaN,NaN,NaN,313,NaN,6
744,新天地老上海公寓,NaN,NaN,NaN,NaN,NaN,NaN,NaN,11,NaN,优异的,NaN
745,摩洛哥风情,NaN,NaN,NaN,NaN,NaN,NaN,NaN,NaN,899,NaN,NaN
746,海友客栈上海浦东机场凌空路店,5.9,6.1,5.2,6.4,6.8,6.8,6.7,11,104,评分,2
747,汉庭上海虹桥枢纽火车站南店,8.5,7.6,6.6,8.1,8.5,8.1,8.1,21,351,好,5
748,贝轩大公馆,7.8,7.4,8.4,6.9,7.3,6.7,7.7,31,NaN,好,NaN
749,7天连锁酒店上海长寿路地铁站亚新广场店,6.3,5.8,7.9,5.8,7.1,5.4,7.5,6,277,评分,NaN
750,尚嘉精品酒店公寓,NaN,NaN,NaN,NaN,NaN,NaN,NaN,NaN,388,NaN,4
751,Wonderoom时尚设计公寓人民广场店,NaN,NaN,NaN,NaN,NaN,NaN,NaN,19,NaN,非常好,NaN
752,原租界风情百年新华路,NaN,NaN,NaN,NaN,NaN,NaN,NaN,NaN,998,NaN,5
753,中心旅馆,NaN,NaN,NaN,NaN,NaN,NaN,NaN,NaN,220,NaN,6
754,上海悦来精品酒店式公寓,NaN,NaN,NaN,NaN,NaN,NaN,NaN,NaN,399,NaN,4
755,邂逅茹家迪士尼度假公寓（近浦东机场）,NaN,NaN,NaN,NaN,NaN,NaN,NaN,NaN,232,NaN,1
756,格林豪泰上海市长阳路江浦公园地铁站商务酒店,5,5,5.8,5,5.8,4.6,7.5,6,227,评分,5
757,野生动物园迪士尼海昌海洋公园两居室,NaN,NaN,NaN,NaN,NaN,NaN,NaN,NaN,298,NaN,0
758,为乐公寓,9.7,9.3,9.4,8.8,9.5,9.4,7.5,21,NaN,好极了,NaN
759,【晓室-夏日】LOFT南京东路南京西路外滩全幕投影老洋房原法租界独户住宅地铁2/12/13号线,NaN,NaN,NaN,NaN,NaN,NaN,NaN,NaN,866,NaN,NaN
760,上海蓝山国际青年旅舍卢湾店,8.4,8.1,8.8,8.2,8.9,8.4,7,934,200,非常好,NaN
761,上海悠存乳山二村公寓,NaN,NaN,NaN,NaN,NaN,NaN,NaN,NaN,798,NaN,4
762,滴水湖畔景观房,NaN,NaN,NaN,NaN,NaN,NaN,NaN,NaN,518,NaN,4
763,上海吉祥酒店,NaN,NaN,NaN,NaN,NaN,NaN,NaN,17,558,评分,1
764,实业公寓,NaN,NaN,NaN,NaN,NaN,NaN,NaN,NaN,NaN,NaN,5
765,怡莱酒店上海虹桥枢纽西郊店,NaN,NaN,NaN,NaN,NaN,NaN,NaN,NaN,341,NaN,0
766,如家快捷酒店上海金高路杨高北路地铁站店,NaN,NaN,NaN,NaN,NaN,NaN,NaN,NaN,227,NaN,4
767,如家快捷酒店上海杨浦大桥隆昌路地铁站店,NaN,NaN,NaN,NaN,NaN,NaN,NaN,NaN,275,NaN,9
768,莫泰酒店上海杨浦大桥隆昌路地铁站店,NaN,NaN,NaN,NaN,NaN,NaN,NaN,5,256,好,9
769,上海复旦皇冠假日酒店,8.5,8.4,7.8,8.1,8,7.5,6.4,199,750,非常好,7
770,上海居柔书舍,NaN,NaN,NaN,NaN,NaN,NaN,NaN,NaN,158,NaN,1
771,馨居别墅,NaN,NaN,NaN,NaN,NaN,NaN,NaN,NaN,NaN,NaN,9
772,新天地老上海公寓,NaN,NaN,NaN,NaN,NaN,NaN,NaN,11,NaN,优异的,NaN
773,Amy的家（交通大学旁华山路10号11号线）,NaN,NaN,NaN,NaN,NaN,NaN,NaN,NaN,588,NaN,NaN
774,"地铁口10秒直达原法租界淮海路衡山路,地铁1,7,9",NaN,NaN,NaN,NaN,NaN,NaN,NaN,NaN,608,NaN,NaN
775,尚心原法租界公寓,NaN,NaN,NaN,NaN,NaN,NaN,NaN,5,400,评分,NaN
776,Heritage,NaN,NaN,NaN,NaN,NaN,NaN,NaN,5,600,非常好,NaN
777,徐家汇精装公寓,NaN,NaN,NaN,NaN,NaN,NaN,NaN,NaN,350,NaN,2
778,上海小迪乐园民宿,NaN,NaN,NaN,NaN,NaN,NaN,NaN,NaN,408,NaN,0
779,Wonderoom时尚设计公寓人民广场店,NaN,NaN,NaN,NaN,NaN,NaN,NaN,19,NaN,非常好,NaN
780,如家快捷酒店上海枫林路中国科学院店,7,6.5,6.3,6.3,6.8,6.3,7.5,10,265,评分,NaN
781,上海海外宾馆,NaN,NaN,NaN,NaN,NaN,NaN,NaN,NaN,328,NaN,0
782,【一宿·yī,NaN,NaN,NaN,NaN,NaN,NaN,NaN,NaN,630,NaN,3
783,一宿·静候,NaN,NaN,NaN,NaN,NaN,NaN,NaN,NaN,820,NaN,NaN
784,欢乐民宿,NaN,NaN,NaN,NaN,NaN,NaN,NaN,NaN,787,NaN,9
785,丽景精选酒店,8.4,8,6.3,8,8.3,8.4,7.9,225,166,好,6
786,为乐公寓,9.7,9.3,9.4,8.8,9.5,9.4,7.5,21,NaN,好极了,NaN
787,蓝山别墅,NaN,NaN,NaN,NaN,NaN,NaN,NaN,NaN,NaN,NaN,8
788,Nita公寓,NaN,NaN,NaN,NaN,NaN,NaN,NaN,5,384,好,5
789,汉庭酒店上海鲁班路店,NaN,NaN,NaN,NaN,NaN,NaN,NaN,NaN,370,NaN,NaN
790,史蒂文的洋楼小屋,NaN,NaN,NaN,NaN,NaN,NaN,NaN,NaN,500,NaN,NaN
791,如家快捷酒店上海南京路步行街店,6.7,6.3,8.7,6.5,7,6.9,7.2,147,360,好,NaN
792,尚优居,NaN,NaN,NaN,NaN,NaN,NaN,NaN,NaN,526,NaN,NaN
793,上海绿地万豪酒店,8.7,8.7,7.6,8.4,8.3,7.9,7.7,231,NaN,非常好,NaN
794,布莱恩王子之家公寓,NaN,NaN,NaN,NaN,NaN,NaN,NaN,NaN,368,NaN,NaN
795,孚华服务式公寓,NaN,NaN,NaN,NaN,NaN,NaN,NaN,NaN,890,NaN,NaN
796,上海吉泰火车站精品酒店,NaN,NaN,NaN,NaN,NaN,NaN,NaN,15,268,评分,NaN
797,Zhotels智尚酒店（上海南京西路梅陇镇广场店）（原星尚假日宾馆）,NaN,NaN,NaN,NaN,NaN,NaN,NaN,NaN,369,NaN,NaN
798,上海屋顶景观公寓,NaN,NaN,NaN,NaN,NaN,NaN,NaN,NaN,798,NaN,NaN
799,如家快捷酒店上海虹桥枢纽会展中心七宝古镇店,NaN,NaN,NaN,NaN,NaN,NaN,NaN,NaN,275,NaN,3
800,如家快捷酒店上海外滩城隍庙店,6.9,6.5,7.8,6.5,6.8,6.8,7.1,123,246,评分,NaN
801,上海迪康酒店,NaN,NaN,NaN,NaN,NaN,NaN,NaN,8,458,评分,5
802,印家,NaN,NaN,NaN,NaN,NaN,NaN,NaN,NaN,719,NaN,NaN
803,全季酒店上海漕河泾店,7.6,7.2,7.2,6.8,7.2,7.1,5.8,38,408,好,0
804,上海复旦皇冠假日酒店,8.5,8.4,7.8,8.1,8,7.5,6.4,199,750,非常好,7
805,上海夏季国际青年旅舍,5.2,5.7,7.5,5.5,6.6,6.6,5.8,34,388,评分,NaN
806,,NaN,NaN,NaN,NaN,NaN,NaN,NaN,NaN,265,NaN,4
807,Wonderoom时尚设计公寓人民广场店,NaN,NaN,NaN,NaN,NaN,NaN,NaN,19,NaN,非常好,NaN
808,海友酒店上海徐家汇宛平南路店,NaN,NaN,NaN,NaN,NaN,NaN,NaN,5,189,评分,5
809,蓝心舍客栈,NaN,NaN,NaN,NaN,NaN,NaN,NaN,54,380,优异的,9
810,格格巫民宿,NaN,NaN,NaN,NaN,NaN,NaN,NaN,NaN,NaN,NaN,1
811,N202,NaN,NaN,NaN,NaN,NaN,NaN,NaN,NaN,NaN,NaN,2
812,花园饭店（上海）,8.8,8.8,8.9,8.4,8.8,7.7,8.1,433,NaN,很棒,NaN
813,上海半岛酒店,9.5,9.6,9.5,9.3,9,8.4,8.5,248,NaN,好极了,NaN
814,为乐公寓,9.7,9.3,9.4,8.8,9.5,9.4,7.5,21,NaN,好极了,NaN
815,如家快捷酒店上海共和新路大宁国际茶城店,NaN,NaN,NaN,NaN,NaN,NaN,NaN,NaN,208,NaN,NaN
816,小黑屋,NaN,NaN,NaN,NaN,NaN,NaN,NaN,NaN,518,NaN,3
817,人面桃花民宿,NaN,NaN,NaN,NaN,NaN,NaN,NaN,NaN,709,NaN,NaN
818,363,NaN,NaN,NaN,NaN,NaN,NaN,NaN,NaN,10,NaN,NaN
819,轻奢民宿玺钰的家,NaN,NaN,NaN,NaN,NaN,NaN,NaN,NaN,433,NaN,NaN
820,全季上海康桥秀沿路酒店,8.5,8.3,8.3,8.3,8.3,8.2,7.1,138,322,非常好,5
821,上海绿地万豪酒店,8.7,8.7,7.6,8.4,8.3,7.9,7.7,231,NaN,非常好,NaN
822,汉庭上海长阳路酒店,NaN,NaN,NaN,NaN,NaN,NaN,NaN,NaN,265,NaN,7
823,上海市中心十号地铁口电梯房,NaN,NaN,NaN,NaN,NaN,NaN,NaN,NaN,588,NaN,7
824,海事小区三房,NaN,NaN,NaN,NaN,NaN,NaN,NaN,NaN,518,NaN,7
825,Homeinn,NaN,NaN,NaN,NaN,NaN,NaN,NaN,NaN,398,NaN,8
826,上海泰晤士小镇花园景观大床房,NaN,NaN,NaN,NaN,NaN,NaN,NaN,NaN,398,NaN,4
827,野生动物园迪士尼海昌海洋公园两居室,NaN,NaN,NaN,NaN,NaN,NaN,NaN,NaN,298,NaN,0
828,汉庭酒店上海陆家嘴浦东南路店,7.6,7.1,7.1,7,7.3,7.1,6.1,95,NaN,好,NaN
829,天使停机坪,NaN,NaN,NaN,NaN,NaN,NaN,NaN,NaN,360,NaN,NaN
830,上海星河湾酒店,7.6,8,5.8,7.3,6.8,6.3,6.7,27,918,好,7
831,如家快捷酒店上海南京路人民广场店,6.7,5.9,7.4,6.3,7,6.2,5.6,27,303,评分,NaN
832,维也纳智好酒店上海虹桥国家会展中心徐泾店,NaN,NaN,NaN,NaN,NaN,NaN,NaN,NaN,435,NaN,1
833,上海圆谷民宿,NaN,NaN,NaN,NaN,NaN,NaN,NaN,NaN,489,NaN,2
834,上海日式现代设计公寓,NaN,NaN,NaN,NaN,NaN,NaN,NaN,NaN,588,NaN,NaN
835,青春派轰趴别墅,NaN,NaN,NaN,NaN,NaN,NaN,NaN,NaN,NaN,NaN,9
836,格林豪泰上海市张江孙桥路贝壳酒店,NaN,NaN,NaN,NaN,NaN,NaN,NaN,NaN,265,NaN,5
837,锦江之星上海徐家汇体育场酒店,6.5,6.5,7,6.3,6.8,6.4,6.5,18,275,评分,5
838,Hong,NaN,NaN,NaN,NaN,NaN,NaN,NaN,NaN,668,NaN,8
839,上海复旦皇冠假日酒店,8.5,8.4,7.8,8.1,8,7.5,6.4,199,750,非常好,7
840,上海老西门国际青年旅舍,6.2,6.5,7.6,6.4,7.5,7.3,6.9,647,188,评分,NaN
841,上海海吉雅会务中心,NaN,NaN,NaN,NaN,NaN,NaN,NaN,NaN,238,NaN,7
842,为乐公寓,9.7,9.3,9.4,8.8,9.5,9.4,7.5,21,NaN,好极了,NaN
843,上海Enjoy国际青年旅舍,6,6.4,8.2,6.2,7.4,7.1,8.1,186,288,评分,NaN
844,海友酒店上海市北工业园区店,NaN,NaN,NaN,NaN,NaN,NaN,NaN,NaN,227,NaN,7
845,创意天空徐汇公寓,NaN,NaN,NaN,NaN,NaN,NaN,NaN,NaN,NaN,NaN,5
846,优适民宿,NaN,NaN,NaN,NaN,NaN,NaN,NaN,NaN,168,NaN,9
847,如家快捷酒店上海虹桥机场世贸会展中心店,6.1,5.9,6.5,6,6.5,6.6,7.1,49,332,评分,9
848,海友酒店上海世博浦三路店,NaN,NaN,NaN,NaN,NaN,NaN,NaN,6,199,评分,6
849,上海绿地万豪酒店,8.7,8.7,7.6,8.4,8.3,7.9,7.7,231,NaN,非常好,NaN
850,优适民宿,NaN,NaN,NaN,NaN,NaN,NaN,NaN,NaN,NaN,NaN,NaN
851,乐家酒店公寓,NaN,NaN,NaN,NaN,NaN,NaN,NaN,NaN,528,NaN,NaN
852,都市芃阁机场店,NaN,NaN,NaN,NaN,NaN,NaN,NaN,NaN,998,NaN,7
853,云居别墅,NaN,NaN,NaN,NaN,NaN,NaN,NaN,NaN,380,NaN,5
854,田园公寓-花木路店,NaN,NaN,NaN,NaN,NaN,NaN,NaN,NaN,996,NaN,7
855,外滩广兰路地铁口迪士尼12分钟机场20分钟外滩25,NaN,NaN,NaN,NaN,NaN,NaN,NaN,NaN,269,NaN,8
856,汉庭酒店上海陆家嘴浦东南路店,7.6,7.1,7.1,7,7.3,7.1,6.1,95,NaN,好,NaN
857,上海克拉玛依石油宾馆,NaN,NaN,NaN,NaN,NaN,NaN,NaN,NaN,320,NaN,NaN
858,格林豪泰上海市车墩影视乐园松闵路快捷酒店,NaN,NaN,NaN,NaN,NaN,NaN,NaN,NaN,161,NaN,5
859,汉庭酒店上海金桥杨高中路店,7.9,7.2,7.9,7.5,8.2,7.9,7.5,7,218,好,2
860,汉庭上海龚路酒店,NaN,NaN,NaN,NaN,NaN,NaN,NaN,NaN,180,NaN,0
861,MayaFang-,NaN,NaN,NaN,NaN,NaN,NaN,NaN,NaN,280,NaN,NaN
862,外滩河滨大楼绝代风华2居,NaN,NaN,NaN,NaN,NaN,NaN,NaN,NaN,899,NaN,NaN
863,上海醒家民宿淮海中路一店202,NaN,NaN,NaN,NaN,NaN,NaN,NaN,13,NaN,非常好,NaN
864,地铁13号M50艺术景观套房Art,NaN,NaN,NaN,NaN,NaN,NaN,NaN,NaN,NaN,NaN,NaN
865,格林豪泰上海市殷高西路地铁站快捷酒店,NaN,NaN,NaN,NaN,NaN,NaN,NaN,NaN,265,NaN,0
866,五月花服务公寓,NaN,NaN,NaN,NaN,NaN,NaN,NaN,NaN,488,NaN,NaN
867,格林豪泰上海市徐浦大桥商务酒店,NaN,NaN,NaN,NaN,NaN,NaN,NaN,NaN,207,NaN,1
868,上海乐家酒店式公寓,NaN,NaN,NaN,NaN,NaN,NaN,NaN,NaN,268,NaN,NaN
869,上海兴荣温德姆至尊豪廷酒店,7.6,7.8,5.9,7.1,7.1,6.3,6,52,828,评分,7
870,任泰商务酒店,4.5,4.5,7,4.6,6.6,5.3,6.1,19,388,评分,NaN
871,上海日式公寓,NaN,NaN,NaN,NaN,NaN,NaN,NaN,NaN,598,NaN,NaN
872,D2有家民宿《迪士尼斑狸》,NaN,NaN,NaN,NaN,NaN,NaN,NaN,NaN,488,NaN,1
873,格林豪泰上海东明路地铁站店,6.2,5.8,6.3,5.6,6.5,6.1,7.1,61,237,评分,7
874,上海复旦皇冠假日酒店,8.5,8.4,7.8,8.1,8,7.5,6.4,199,750,非常好,7
875,Mercure,NaN,NaN,NaN,NaN,NaN,NaN,NaN,7,650,非常好,5
876,波西米亚浪漫风情,NaN,NaN,NaN,NaN,NaN,NaN,NaN,NaN,NaN,NaN,5
877,上海绿地万豪酒店,8.7,8.7,7.6,8.4,8.3,7.9,7.7,231,NaN,非常好,NaN
878,宜居民宿-闵行颛桥地铁站,7.8,7.3,7.2,7.8,8.9,8.3,5,21,148,好,9
879,海友上海天山路酒店,NaN,NaN,NaN,NaN,NaN,NaN,NaN,NaN,313,NaN,7
880,上海梅陇绿地铂派酒店,NaN,NaN,NaN,NaN,NaN,NaN,NaN,NaN,412,NaN,5
881,Shanghai,NaN,NaN,NaN,NaN,NaN,NaN,NaN,NaN,888,NaN,NaN
882,1/7号常熟路地铁/华山医院蓝白格调老洋房蓝茉,NaN,NaN,NaN,NaN,NaN,NaN,NaN,NaN,598,NaN,NaN
883,上海皇程假日酒店,NaN,NaN,NaN,NaN,NaN,NaN,NaN,NaN,258,NaN,1
884,汉庭酒店上海陆家嘴浦东南路店,7.6,7.1,7.1,7,7.3,7.1,6.1,95,NaN,好,NaN
885,金香丽宾馆,NaN,NaN,NaN,NaN,NaN,NaN,NaN,NaN,288,NaN,7
886,莫泰酒店上海祁连山南路曹安轻纺市场店,NaN,NaN,NaN,NaN,NaN,NaN,NaN,NaN,284,NaN,9
887,如家快捷酒店上海火车站店,NaN,NaN,NaN,NaN,NaN,NaN,NaN,NaN,237,NaN,4
888,上海谧舍拾间精品民宿,NaN,NaN,NaN,NaN,NaN,NaN,NaN,NaN,728,NaN,0
889,汉庭酒店上海静安寺新店,7.2,6.6,7,6.7,7.2,6.9,6.1,24,341,评分,4
890,如家快捷酒店上海虹桥枢纽国家会展中心纪翟路店,6.3,6.1,4.5,5.9,6.4,5.9,6.3,14,284,评分,8
891,上海醒家民宿淮海中路一店202,NaN,NaN,NaN,NaN,NaN,NaN,NaN,13,NaN,非常好,NaN
892,如家快捷酒店上海中山公园江苏路地铁站店,NaN,NaN,NaN,NaN,NaN,NaN,NaN,NaN,332,NaN,4
893,老上海,NaN,NaN,NaN,NaN,NaN,NaN,NaN,NaN,416,NaN,NaN
894,一家民宿,NaN,NaN,NaN,NaN,NaN,NaN,NaN,NaN,619,NaN,1
895,汉庭酒店上海金沙江路店,7.8,7.1,7.2,7.2,7.2,7.1,6.7,17,275,好,8
896,创意天空,NaN,NaN,NaN,NaN,NaN,NaN,NaN,NaN,899,NaN,NaN
897,维也纳酒店上海九星市场店,6.7,7.1,7.1,6.7,5.8,4.6,6.7,6,492,评分,2
898,本地生活绝佳位置650号公寓,NaN,NaN,NaN,NaN,NaN,NaN,NaN,9,NaN,非常好,NaN
899,7天连锁酒店上海浦东新国际博览中心店,5.4,5.2,5.9,5.2,6.1,5.1,6.3,35,NaN,评分,8
900,如家快捷酒店上海上南高青路地铁站店,NaN,NaN,NaN,NaN,NaN,NaN,NaN,NaN,170,NaN,8
901,上海临港滴水湖之家,NaN,NaN,NaN,NaN,NaN,NaN,NaN,NaN,288,NaN,6
902,上海中兴和泰酒店,NaN,NaN,NaN,NaN,NaN,NaN,NaN,NaN,699,NaN,1
903,上海东南华庭服务公寓,NaN,NaN,NaN,NaN,NaN,NaN,NaN,NaN,NaN,NaN,NaN
904,汉庭上海真金路酒店,NaN,NaN,NaN,NaN,NaN,NaN,NaN,NaN,256,NaN,8
905,汉庭酒店上海宜川路店,NaN,NaN,NaN,NaN,NaN,NaN,NaN,NaN,189,NaN,NaN
906,张家花园,NaN,NaN,NaN,NaN,NaN,NaN,NaN,NaN,466,NaN,0
907,上海GoNative班玛家,NaN,NaN,NaN,NaN,NaN,NaN,NaN,NaN,980,NaN,1
908,北欧简约风情主题公寓,NaN,NaN,NaN,NaN,NaN,NaN,NaN,NaN,388,NaN,NaN
909,上海复旦皇冠假日酒店,8.5,8.4,7.8,8.1,8,7.5,6.4,199,750,非常好,7
910,海友上海松江虬泾路酒店,NaN,NaN,NaN,NaN,NaN,NaN,NaN,NaN,170,NaN,7
911,本地生活绝佳位置115号公寓,NaN,NaN,NaN,NaN,NaN,NaN,NaN,NaN,515,NaN,NaN
912,汉庭酒店上海陆家嘴浦东南路店,7.6,7.1,7.1,7,7.3,7.1,6.1,95,NaN,好,NaN
913,汉庭上海吴泾华师大酒店,NaN,NaN,NaN,NaN,NaN,NaN,NaN,NaN,NaN,NaN,0
914,汉庭酒店上海茂名路店,6.8,6,7.1,6,6,5.7,6.9,23,427,评分,NaN
915,7天连锁酒店上海大宁国际延长路地铁站店,NaN,NaN,NaN,NaN,NaN,NaN,NaN,NaN,221,NaN,5
916,维也纳酒店上海浦东机场合庆店,NaN,NaN,NaN,NaN,NaN,NaN,NaN,NaN,340,NaN,3
917,恋恋小栈,NaN,NaN,NaN,NaN,NaN,NaN,NaN,NaN,202,NaN,8
918,书瞳的小窝,NaN,NaN,NaN,NaN,NaN,NaN,NaN,NaN,NaN,NaN,4
919,上海醒家民宿淮海中路一店202,NaN,NaN,NaN,NaN,NaN,NaN,NaN,13,NaN,非常好,NaN
920,札乐民宿,NaN,NaN,NaN,NaN,NaN,NaN,NaN,NaN,809,NaN,6
921,格林豪泰上海市闵行区交大金平路地铁站贝壳酒店,NaN,NaN,NaN,NaN,NaN,NaN,NaN,NaN,218,NaN,4
922,莫泰酒店上海南站锦江乐园地铁站店,6.8,6.8,7.8,6.9,7.3,7.4,7.5,47,218,好,1
923,上海bingsha旅舍,NaN,NaN,NaN,NaN,NaN,NaN,NaN,NaN,596,NaN,NaN
924,7天连锁酒店上海延安西路地铁站店,7.2,7,6.4,6.7,7.5,7.2,6.3,9,277,好,6
925,上海東灘國際會議中心,NaN,NaN,NaN,NaN,NaN,NaN,NaN,NaN,438,NaN,5
926,本地生活绝佳位置650号公寓,NaN,NaN,NaN,NaN,NaN,NaN,NaN,9,NaN,非常好,NaN
927,上海温居精品民宿,NaN,NaN,NaN,NaN,NaN,NaN,NaN,NaN,469,NaN,0
928,全季酒店上海淮海路店,7.9,7.8,8.3,7.6,7.5,7.4,6.6,83,636,好,NaN
929,如家快捷酒店上海浦东金桥开发区金湘路店,NaN,NaN,NaN,NaN,NaN,NaN,NaN,5,218,评分,3
930,StarHouse,NaN,NaN,NaN,NaN,NaN,NaN,NaN,NaN,958,NaN,NaN
931,上海御宿和庭酒店,NaN,NaN,NaN,NaN,NaN,NaN,NaN,NaN,998,NaN,8
932,如家快捷酒店上海虹桥枢纽金沙江路长风店,NaN,NaN,NaN,NaN,NaN,NaN,NaN,NaN,284,NaN,8
933,上海宝华万豪酒店,9.1,9,8.2,8.9,8.8,8.2,7.6,165,NaN,很棒,NaN
934,上海迪士尼11号线秀沿路地铁站仰望星空阁楼房,NaN,NaN,NaN,NaN,NaN,NaN,NaN,NaN,148,NaN,5
935,零点依九思国际酒店（上海交大店）,NaN,NaN,NaN,NaN,NaN,NaN,NaN,NaN,239,NaN,5
936,汉庭酒店上海东安路店,NaN,NaN,NaN,NaN,NaN,NaN,NaN,NaN,NaN,NaN,NaN
937,海友上海虹桥火车站酒店,8.6,7.6,7.3,7.6,7.9,8.3,7,55,322,好,5
938,上海拉拉美墅,NaN,NaN,NaN,NaN,NaN,NaN,NaN,NaN,NaN,NaN,2
939,维也纳酒店上海闵行七宝中谊路店,NaN,NaN,NaN,NaN,NaN,NaN,NaN,NaN,426,NaN,3
940,7天连锁酒店上海大木桥地铁站店,NaN,NaN,NaN,NaN,NaN,NaN,NaN,NaN,254,NaN,NaN
941,恬诗生活宾馆,NaN,NaN,NaN,NaN,NaN,NaN,NaN,NaN,248,NaN,7
942,汉庭上海曹路金融信息园酒店,NaN,NaN,NaN,NaN,NaN,NaN,NaN,NaN,180,NaN,9
943,上海中信五牛城酒店式公寓,NaN,NaN,NaN,NaN,NaN,NaN,NaN,NaN,598,NaN,5
944,上海复旦皇冠假日酒店,8.5,8.4,7.8,8.1,8,7.5,6.4,199,750,非常好,7
945,日式公寓,NaN,NaN,NaN,NaN,NaN,NaN,NaN,NaN,788,NaN,NaN
946,上海浦东宾家国际青年旅舍（陆家嘴店）,7.1,6.9,8.6,7,7.6,7.6,6.5,235,278,好,NaN
947,上海醒家民宿淮海中路一店202,NaN,NaN,NaN,NaN,NaN,NaN,NaN,13,NaN,非常好,NaN
948,上海陈桥精品旅馆,NaN,NaN,NaN,NaN,NaN,NaN,NaN,5,468,很棒,2
949,上海博雅酒店,9,9,8.2,8.7,8.3,7.9,7.6,96,NaN,非常好,0
950,外滩南京路一步之遥温馨小家,NaN,NaN,NaN,NaN,NaN,NaN,NaN,NaN,989,NaN,NaN
951,昔住,NaN,NaN,NaN,NaN,NaN,NaN,NaN,NaN,998,NaN,5
952,保利别墅,NaN,NaN,NaN,NaN,NaN,NaN,NaN,NaN,700,NaN,4
953,全季上海川沙城南路酒店,8,7.4,6.5,7.6,7.9,7.3,6.3,50,284,好,2
954,本地生活绝佳位置650号公寓,NaN,NaN,NaN,NaN,NaN,NaN,NaN,9,NaN,非常好,NaN
955,上海友酒店上海共和新路大宁店,NaN,NaN,NaN,NaN,NaN,NaN,NaN,NaN,161,NaN,NaN
956,格林豪泰上海市黄兴公园地铁站快捷酒店,NaN,NaN,NaN,NaN,NaN,NaN,NaN,NaN,246,NaN,9
957,伊侬美寓精品酒店（新天地）,8.1,7.5,8.8,7.9,8.3,7.4,8.7,69,631,非常好,NaN
958,【硬糖城▪7】华山医院.北欧风情二居室|地铁站.5分钟|静安寺徐家汇人民广场三大商圈交汇,NaN,NaN,NaN,NaN,NaN,NaN,NaN,NaN,388,NaN,NaN
959,【硬糖城▪5】淮海路.新天地ins风简约时尚风格|地铁站.10分钟|2楼小复式,NaN,NaN,NaN,NaN,NaN,NaN,NaN,NaN,388,NaN,NaN
960,锦江之星品尚上海国际旅游度假区川沙地铁站酒店,8.1,8,7.8,7.8,7.8,8.1,7.2,135,379,好,1
961,上海宝华万豪酒店,9.1,9,8.2,8.9,8.8,8.2,7.6,165,NaN,很棒,NaN
962,上海亲和源度假酒店,NaN,NaN,NaN,NaN,NaN,NaN,NaN,NaN,598,NaN,6
963,弄堂里的小白屋,NaN,NaN,NaN,NaN,NaN,NaN,NaN,NaN,550,NaN,NaN
964,今之&amp;寓原法租界公寓,NaN,NaN,NaN,NaN,NaN,NaN,NaN,NaN,489,NaN,NaN
965,如家快捷酒店上海莘庄地铁站龙之梦商业广场店,NaN,NaN,NaN,NaN,NaN,NaN,NaN,NaN,218,NaN,5
966,Xujiahui,NaN,NaN,NaN,NaN,NaN,NaN,NaN,NaN,NaN,NaN,5
967,汉庭酒店上海虹桥古北一店,7.1,6.6,6.1,6.6,7.7,6.6,8.1,11,275,评分,9
968,Wondroom外滩时尚设计公寓,NaN,NaN,NaN,NaN,NaN,NaN,NaN,5,NaN,好极了,NaN
969,【硬糖城▪11】英伦风|田子坊|石库门情怀|近地铁,NaN,NaN,NaN,NaN,NaN,NaN,NaN,NaN,368,NaN,2
970,占星师的魔法屋,NaN,NaN,NaN,NaN,NaN,NaN,NaN,NaN,899,NaN,NaN
971,碧云间别墅酒店,NaN,NaN,NaN,NaN,NaN,NaN,NaN,NaN,NaN,NaN,1
972,上海元社民宿向阳南路公寓,NaN,NaN,NaN,NaN,NaN,NaN,NaN,NaN,798,NaN,NaN
973,交通大学3室5床，10/11号线直达迪斯尼胸科医院,NaN,NaN,NaN,NaN,NaN,NaN,NaN,NaN,NaN,NaN,5
974,全季酒店上海金都路店,8.3,7.9,6.6,7.3,7.5,7.3,5.8,13,NaN,好,7
975,泽馫酒店,NaN,NaN,NaN,NaN,NaN,NaN,NaN,NaN,480,NaN,7
976,汉庭酒店上海南站罗香路店,7.2,7.5,5.4,6.1,7.2,6.1,7.5,7,249,评分,1
977,悠筑YOUHOME,NaN,NaN,NaN,NaN,NaN,NaN,NaN,NaN,298,NaN,9
978,沄沄浴场,NaN,NaN,NaN,NaN,NaN,NaN,NaN,NaN,300,NaN,7
979,上海复旦皇冠假日酒店,8.5,8.4,7.8,8.1,8,7.5,6.4,199,750,非常好,7
980,沄沄浴场,NaN,NaN,NaN,NaN,NaN,NaN,NaN,NaN,300,NaN,7
981,原法租界复式loft洋房,NaN,NaN,NaN,NaN,NaN,NaN,NaN,NaN,NaN,NaN,NaN
982,本地生活绝佳位置650号公寓,NaN,NaN,NaN,NaN,NaN,NaN,NaN,9,NaN,非常好,NaN
983,汉庭优佳上海打浦桥日月光中心酒店,8.3,7.5,9.2,7.8,8.1,7,4.2,9,446,非常好,3
984,维也纳酒店上海虹桥会展中心店,7,7.8,6.7,6.7,7.2,7,6,9,644,好,5
985,Shuangdong,NaN,NaN,NaN,NaN,NaN,NaN,NaN,NaN,299,NaN,6
986,海洋小区大三房田园风,NaN,NaN,NaN,NaN,NaN,NaN,NaN,NaN,358,NaN,6
987,莫泰酒店上海火车站北广场客运总站店,NaN,NaN,NaN,NaN,NaN,NaN,NaN,7,256,好,NaN
988,上海迪士尼初见驿栈,NaN,NaN,NaN,NaN,NaN,NaN,NaN,NaN,898,NaN,0
989,上海宝华万豪酒店,9.1,9,8.2,8.9,8.8,8.2,7.6,165,NaN,很棒,NaN
990,海友上海崮山路酒店,NaN,NaN,NaN,NaN,NaN,NaN,NaN,NaN,NaN,NaN,8
991,我爱我家,9.7,9.3,9.1,9.1,9.8,9.6,9.4,75,308,好极了,2
992,海友酒店上海曹杨路地铁站酒店,NaN,NaN,NaN,NaN,NaN,NaN,NaN,NaN,208,NaN,5
993,听云书房,NaN,NaN,NaN,NaN,NaN,NaN,NaN,NaN,NaN,NaN,2
994,宝隆居家酒店（恒隆店）,7,6.9,8.5,6.6,7.2,7.4,6.6,212,354,好,NaN
995,7天连锁酒店上海新国际博览中心龙阳路地铁站店,4.8,4.8,5.5,6,6.3,4.5,5.4,10,199,评分,8
996,Wondroom外滩时尚设计公寓,NaN,NaN,NaN,NaN,NaN,NaN,NaN,5,NaN,好极了,NaN
997,香颂,NaN,NaN,NaN,NaN,NaN,NaN,NaN,NaN,NaN,NaN,3
998,日式温馨3居,NaN,NaN,NaN,NaN,NaN,NaN,NaN,NaN,NaN,NaN,5
999,原法租界馨窝静安寺南京西路高端LOFT,NaN,NaN,NaN,NaN,NaN,NaN,NaN,11,688,非常好,NaN
1000,上海迪士尼201314精品客栈,NaN,NaN,NaN,NaN,NaN,NaN,NaN,NaN,288,NaN,8
1001,怡莱上海外滩南京东路步行街酒店,6.5,6,9.2,5.5,6.5,6,7.5,6,275,评分,NaN
1002,上海外高桥喜来登酒店,8.6,8.5,6.3,8.2,8,7.7,7.8,95,557,好,7
1003,上海逸廷酒店,9.3,9.3,6.6,9.2,9.1,9,8.9,50,NaN,很棒,NaN
1004,汉庭酒店上海周浦秀浦路店,NaN,NaN,NaN,NaN,NaN,NaN,NaN,NaN,161,NaN,4
1005,上海新国际博览中心公寓,7.5,7,8.4,7.3,7.9,7.4,5.8,22,418,好,8
1006,广州市徐汇区衡山路站·路客精品公寓·00113710,NaN,NaN,NaN,NaN,NaN,NaN,NaN,NaN,631,NaN,NaN
1007,Lily's,NaN,NaN,NaN,NaN,NaN,NaN,NaN,NaN,298,NaN,7
1008,上海徐汇区华东理工精装深空灰公寓,NaN,NaN,NaN,NaN,NaN,NaN,NaN,NaN,338,NaN,0
1009,旅途之家,NaN,NaN,NaN,NaN,NaN,NaN,NaN,NaN,258,NaN,2
1010,悠存民宿,NaN,NaN,NaN,NaN,NaN,NaN,NaN,NaN,530,NaN,NaN
1011,御庭服务公寓（上海长宁）,7.3,7.5,8.4,7.2,7.5,7.1,6.9,151,873,好,8
1012,指间砂,NaN,NaN,NaN,NaN,NaN,NaN,NaN,NaN,NaN,NaN,NaN
1013,上海新奇士国际酒店,NaN,NaN,NaN,NaN,NaN,NaN,NaN,NaN,320,NaN,6
1014,上海复旦皇冠假日酒店,8.5,8.4,7.8,8.1,8,7.5,6.4,199,750,非常好,7
1015,7天连锁酒店上海静安寺店,6.8,6.1,7.9,6.8,8.2,6.4,5.8,7,310,好,3
1016,上海龙柏饭店,NaN,NaN,NaN,NaN,NaN,NaN,NaN,19,520,评分,1
1017,上海宝华万豪酒店,9.1,9,8.2,8.9,8.8,8.2,7.6,165,NaN,很棒,NaN
1018,海友上海长寿路酒店,NaN,NaN,NaN,NaN,NaN,NaN,NaN,NaN,161,NaN,NaN
1019,东江明城大酒店,NaN,NaN,NaN,NaN,NaN,NaN,NaN,NaN,558,NaN,1
1020,海友酒店上海金桥杨高中路店,NaN,NaN,NaN,NaN,NaN,NaN,NaN,NaN,NaN,NaN,2
1021,Henry's,NaN,NaN,NaN,NaN,NaN,NaN,NaN,NaN,NaN,NaN,NaN
1022,静圆之家,NaN,NaN,NaN,NaN,NaN,NaN,NaN,NaN,NaN,NaN,NaN
1023,如家快捷酒店上海陆家嘴八佰伴店,6.6,6.4,6.4,6.4,6.6,6.9,6.1,23,227,评分,NaN
1024,Wondroom外滩时尚设计公寓,NaN,NaN,NaN,NaN,NaN,NaN,NaN,5,NaN,好极了,NaN
1025,海友上海儿童医学中心酒店,NaN,NaN,NaN,NaN,NaN,NaN,NaN,NaN,NaN,NaN,5
1026,格林豪泰上海市静安新闸路商务酒店,6.6,6.2,7,6.4,6.9,6.1,6.5,31,404,评分,NaN
1027,海友酒店上海大柏树汶水东路店,NaN,NaN,NaN,NaN,NaN,NaN,NaN,NaN,189,NaN,6
1028,捷家优选酒店（上海浦东机场店）,5.2,5.3,6.3,5.2,5.9,6.2,6.9,93,319,评分,6
1029,安洁时尚宾馆,NaN,NaN,NaN,NaN,NaN,NaN,NaN,NaN,205,NaN,7
1030,艺术之家,NaN,NaN,NaN,NaN,NaN,NaN,NaN,NaN,798,NaN,9
1031,上海逸廷酒店,9.3,9.3,6.6,9.2,9.1,9,8.9,50,NaN,很棒,NaN
1032,上海纽斯曼全套房酒店公寓,NaN,NaN,NaN,NaN,NaN,NaN,NaN,7,398,评分,NaN
1033,如家快捷酒店上海浦东南路世博店,8.3,7.8,6.9,7.6,7.6,8.1,6.8,42,303,好,NaN
1034,乡村别墅季家花园,NaN,NaN,NaN,NaN,NaN,NaN,NaN,NaN,NaN,NaN,3
1035,上海浦东文华东方酒店,NaN,NaN,NaN,NaN,NaN,NaN,NaN,270,NaN,好极了,NaN
1036,归零,8.5,9,7.8,8,8.5,8,7.5,10,366,非常好,5
1037,如家快捷酒店上海闵行颛桥店,NaN,NaN,NaN,NaN,NaN,NaN,NaN,NaN,275,NaN,9
1038,上海金茂君悦大酒店,8.9,8.8,9.1,8.7,8.4,7.7,7.9,853,NaN,很棒,NaN
1039,圣天地酒店式公寓（运鹏短租）,6.6,7.1,8.3,6.8,8,7.4,6.8,54,388,好,NaN
1040,上海佳友唯景大酒店,6.8,6.6,6.2,6,6.4,6.1,6.1,53,NaN,评分,1
1041,汉庭上海罗山路地铁站酒店（原海友良品上海罗山路地铁站店）,NaN,NaN,NaN,NaN,NaN,NaN,NaN,NaN,151,NaN,3
1042,如家快捷酒店上海外滩南京路步行街店,6.7,6.2,8.4,6.3,6.7,6.7,6.8,158,322,评分,NaN
1043,梧桐语,NaN,NaN,NaN,NaN,NaN,NaN,NaN,NaN,499,NaN,NaN
1044,外滩南浦大桥公寓,NaN,NaN,NaN,NaN,NaN,NaN,NaN,NaN,629,NaN,3
1045,7天上海徐家汇龙漕路地铁站店,6.2,6.3,7.2,6.6,7,6.4,5,28,266,评分,6
1046,锦江之星上海闵行吴泾酒店,NaN,NaN,NaN,NaN,NaN,NaN,NaN,10,227,评分,0
1047,海友良品上海临平路店,NaN,NaN,NaN,NaN,NaN,NaN,NaN,NaN,218,NaN,4
1048,海友上海北外滩海伦路酒店,NaN,NaN,NaN,NaN,NaN,NaN,NaN,NaN,199,NaN,NaN
1049,上海复旦皇冠假日酒店,8.5,8.4,7.8,8.1,8,7.5,6.4,199,750,非常好,7
1050,海友酒店上海北外滩店,NaN,NaN,NaN,NaN,NaN,NaN,NaN,NaN,170,NaN,5
1051,锦江之星（上海大宁灵石公园沪太路店）（原沪太路店）,8.3,7.8,7.2,7.7,7.7,8.1,8.8,16,246,好,5
1052,Wondroom外滩时尚设计公寓,NaN,NaN,NaN,NaN,NaN,NaN,NaN,5,NaN,好极了,NaN
1053,上海栖希国际酒店（迪士尼周浦店）,NaN,NaN,NaN,NaN,NaN,NaN,NaN,NaN,298,NaN,8
1054,PANDA,7.5,7.6,8.1,7.7,8.9,8.3,9.6,222,368,非常好,NaN
1055,海友上海云山路酒店,NaN,NaN,NaN,NaN,NaN,NaN,NaN,NaN,218,NaN,0
1056,7天连锁酒店上海斜土东路世博店,NaN,NaN,NaN,NaN,NaN,NaN,NaN,5,243,好,NaN
1057,一方,NaN,NaN,NaN,NaN,NaN,NaN,NaN,NaN,NaN,NaN,NaN
1058,锦江之星上海长宁店,8.3,8.1,7.7,7.8,7.9,8.1,6.3,60,370,非常好,6
1059,上海逸廷酒店,9.3,9.3,6.6,9.2,9.1,9,8.9,50,NaN,很棒,NaN
1060,格林豪泰上海市浦东机场合庆镇环庆中路快捷酒店,NaN,NaN,NaN,NaN,NaN,NaN,NaN,NaN,132,NaN,3
1061,如家快捷酒店上海徐家汇交通大学宜山路店,6.7,6.2,6.9,6.6,7,6.5,7.8,49,265,评分,6
1062,上海魔幻城堡主题民宿,NaN,NaN,NaN,NaN,NaN,NaN,NaN,NaN,488,NaN,9
1063,Ling,NaN,NaN,NaN,NaN,NaN,NaN,NaN,36,298,很棒,3
1064,如家酒店上海浦东新区曹路镇上川路金融学院店,NaN,NaN,NaN,NaN,NaN,NaN,NaN,NaN,208,NaN,0
1065,海友酒店上海财经大学店,NaN,NaN,NaN,NaN,NaN,NaN,NaN,6,256,很棒,8
1066,上海金茂君悦大酒店,8.9,8.8,9.1,8.7,8.4,7.7,7.9,853,NaN,很棒,NaN
1067,汉庭酒店上海真如店,NaN,NaN,NaN,NaN,NaN,NaN,NaN,NaN,246,NaN,7
1068,如家快捷酒店上海镇坪路地铁站店,NaN,NaN,NaN,NaN,NaN,NaN,NaN,NaN,256,NaN,NaN
1069,小幸运民宿,NaN,NaN,NaN,NaN,NaN,NaN,NaN,NaN,575,NaN,8
1070,汉庭酒店上海曹安轻纺市场店,NaN,NaN,NaN,NaN,NaN,NaN,NaN,NaN,246,NaN,1
1071,上海衡山宾馆,7.9,7.7,8.6,7.2,7.8,7.4,7.3,214,898,好,NaN
1072,康铂酒店(上海自然博物馆店),8.9,8.8,7.6,8.5,8.5,8.6,8.1,976,635,非常好,NaN
1073,天山河畔花园公寓,9.3,9.2,9.6,9.1,9.6,9.1,8.8,47,NaN,好极了,NaN
1074,上海赤忱酒店,7.6,7.7,8.6,7.6,8.5,8.1,7.4,946,286,非常好,NaN
1075,双鹤中天酒店,NaN,NaN,NaN,NaN,NaN,NaN,NaN,NaN,238,NaN,3
1076,汉庭酒店上海浦江联航路店,7.5,6.8,7.1,7.5,7.7,8.4,8.3,11,256,好,8
1077,莫泰酒店上海七宝古镇七莘路店,NaN,NaN,NaN,NaN,NaN,NaN,NaN,NaN,246,NaN,4
1078,汉庭酒店上海漕河泾漕宝路店（原虹桥漕宝路店）,8.4,7.8,7,7.5,8,7.7,8,47,294,好,2
1079,镛舍,9,8.4,8.8,8.6,8.4,7.5,8,39,NaN,非常好,NaN
1080,格林豪泰上海市张江广兰路地铁站商务酒店,6.9,6.9,6.8,6.8,7.7,6.7,6.4,44,265,评分,4
1081,如家快捷酒店上海莲花南路银都路店,NaN,NaN,NaN,NaN,NaN,NaN,NaN,NaN,180,NaN,5
1082,汉庭酒店上海南京东路步行街店,7.1,5,7.9,6.1,7.7,5.8,4.6,12,341,评分,NaN
1083,石库门老洋房loft,NaN,NaN,NaN,NaN,NaN,NaN,NaN,NaN,465,NaN,NaN
1084,上海复旦皇冠假日酒店,8.5,8.4,7.8,8.1,8,7.5,6.4,199,750,非常好,7
1085,汉庭酒店上海龙茗路店,6.9,6.9,8.1,6.6,6.4,7.5,5.5,13,351,好,4
1086,海友酒店上海浦江三鲁公路店,NaN,NaN,NaN,NaN,NaN,NaN,NaN,NaN,170,NaN,8
1087,上海逸廷酒店,9.3,9.3,6.6,9.2,9.1,9,8.9,50,NaN,很棒,NaN
1088,格林豪泰上海中山沪太商务酒店,6.2,6.3,6,6.5,6.5,6,6.3,15,284,评分,NaN
1089,陕西南路田子坊三房三卫上下loft三露台,NaN,NaN,NaN,NaN,NaN,NaN,NaN,NaN,NaN,NaN,NaN
1090,格澜园庭宾馆,NaN,NaN,NaN,NaN,NaN,NaN,NaN,NaN,666,NaN,8
1091,汉庭上海塘桥地铁站酒店,8.6,8.1,8.1,7.6,7.2,7.9,6.7,58,370,好,NaN
1092,雍和宾馆（上海顾戴路店）,NaN,NaN,NaN,NaN,NaN,NaN,NaN,NaN,308,NaN,1
1093,锦江之星（上海逸仙路店）,7.8,7.6,7.2,7.5,7.6,7.4,7.5,24,265,好,9
1094,上海金茂君悦大酒店,8.9,8.8,9.1,8.7,8.4,7.7,7.9,853,NaN,很棒,NaN
1095,青皮树上海浦东机场迪士尼华夏东路地铁站店,8.1,7.9,7.9,7.8,8,8.2,7,170,161,非常好,9
1096,锦江之星上海海伦路酒店,7.5,7.1,7.9,7,7.5,7.4,7.8,66,275,好,4
1097,诺铂酒店,NaN,NaN,NaN,NaN,NaN,NaN,NaN,NaN,NaN,NaN,NaN
1098,汉庭上海丰庄酒店,NaN,NaN,NaN,NaN,NaN,NaN,NaN,NaN,294,NaN,0
1099,汉庭上海真华路酒店,NaN,NaN,NaN,NaN,NaN,NaN,NaN,NaN,246,NaN,8
1100,维也纳酒店上海外高桥自贸区店,7.5,7.5,5,7.2,7.7,7.7,8.1,17,370,好,5
1101,天山河畔花园公寓,9.3,9.2,9.6,9.1,9.6,9.1,8.8,47,NaN,好极了,NaN
1102,海友酒店上海交大紫竹店,NaN,NaN,NaN,NaN,NaN,NaN,NaN,NaN,180,NaN,3
1103,格林豪泰上海市闵行区颛桥地铁站颛兴东路贝壳酒店,NaN,NaN,NaN,NaN,NaN,NaN,NaN,NaN,226,NaN,7
1104,0578风情酒店（临汾路店）,NaN,NaN,NaN,NaN,NaN,NaN,NaN,NaN,288,NaN,9
1105,七天连锁上海陆家嘴世茂滨江花园店,6.8,7.5,6.8,7.9,7.9,7.9,2.5,7,288,好,4
1106,如家快捷酒店上海陆家嘴东方明珠店,7.2,6.2,7.4,6.2,6.5,6.5,5,36,294,评分,NaN
1107,碧悦城市酒店（上海金桥店）,6.6,7.1,7.2,6.9,7.4,6.7,7,25,479,好,0
1108,猫猫舍,NaN,NaN,NaN,NaN,NaN,NaN,NaN,NaN,NaN,NaN,NaN
1109,星墅99上海松江欢乐谷店,NaN,NaN,NaN,NaN,NaN,NaN,NaN,NaN,339,NaN,2
1110,格林豪泰上海江湾镇快捷酒店,NaN,NaN,NaN,NaN,NaN,NaN,NaN,NaN,198,NaN,8
1111,汉庭上海中江路酒店,NaN,NaN,NaN,NaN,NaN,NaN,NaN,NaN,237,NaN,8
1112,上海蓝山国际青年旅舍（虹桥店）,7.8,7.6,7.9,7.7,8.5,8.3,7.7,521,169,非常好,9
1113,速登精品酒店娄山关路店,NaN,NaN,NaN,NaN,NaN,NaN,NaN,NaN,599,NaN,7
1114,格林豪泰上海市松江新桥九新路快捷酒店,NaN,NaN,NaN,NaN,NaN,NaN,NaN,NaN,208,NaN,3
1115,上海安徒生文化酒店（外滩店）,4.7,6.3,5.9,5.7,6.1,5.4,5,14,NaN,评分,NaN
1116,汉庭酒店上海华师大店,NaN,NaN,NaN,NaN,NaN,NaN,NaN,5,265,好,5
1117,汉庭酒店上海陕西南路店,7.3,6.7,8.2,7,7.4,7,7.5,30,360,好,NaN
1118,禾舍民宿,NaN,NaN,NaN,NaN,NaN,NaN,NaN,NaN,NaN,NaN,NaN
1119,上海复旦皇冠假日酒店,8.5,8.4,7.8,8.1,8,7.5,6.4,199,750,非常好,7
1120,上海环球港凯悦酒店,9.2,9,8.8,8.8,8.7,8.2,8.5,161,NaN,很棒,6
1121,魔嘟后花院客栈,NaN,NaN,NaN,NaN,NaN,NaN,NaN,NaN,498,NaN,2
1122,上海金茂君悦大酒店,8.9,8.8,9.1,8.7,8.4,7.7,7.9,853,NaN,很棒,NaN
1123,雅斯公寓酒店连锁（上海森晟世洋店）,NaN,NaN,NaN,NaN,NaN,NaN,NaN,NaN,338,NaN,9
1124,7天上海闵行东川路交大店,NaN,NaN,NaN,NaN,NaN,NaN,NaN,NaN,243,NaN,4
1125,汉庭酒店上海漕河泾店,NaN,NaN,NaN,NaN,NaN,NaN,NaN,7,NaN,非常好,0
1126,上海国丰酒店,8.2,8.1,7.1,7.7,7.5,7.4,6.8,95,765,好,7
1127,汉庭酒店上海周浦店,NaN,NaN,NaN,NaN,NaN,NaN,NaN,NaN,180,NaN,5
1128,五角场肺科医院复旦财大公寓,NaN,NaN,NaN,NaN,NaN,NaN,NaN,NaN,338,NaN,8
1129,天山河畔花园公寓,9.3,9.2,9.6,9.1,9.6,9.1,8.8,47,NaN,好极了,NaN
1130,如家快捷酒店上海火车站南广场店,NaN,NaN,NaN,NaN,NaN,NaN,NaN,NaN,227,NaN,NaN
1131,莫泰酒店上海外滩四川北路七浦路店,NaN,NaN,NaN,NaN,NaN,NaN,NaN,NaN,313,NaN,NaN
1132,汉庭上海虹梅南路酒店,NaN,NaN,NaN,NaN,NaN,NaN,NaN,NaN,237,NaN,2
1133,格林豪泰上海武宁路镇坪路地铁站商务酒店,NaN,NaN,NaN,NaN,NaN,NaN,NaN,19,246,好,5
1134,枫之燕,NaN,NaN,NaN,NaN,NaN,NaN,NaN,NaN,350,NaN,8
1135,上海浦东尼航主题酒店,6.3,6.5,6.6,6.5,6.6,6.3,6.3,22,229,评分,7
1136,猫猫舍,NaN,NaN,NaN,NaN,NaN,NaN,NaN,NaN,NaN,NaN,NaN
1137,天山河畔花园公寓,NaN,NaN,NaN,NaN,NaN,NaN,NaN,NaN,NaN,NaN,8
1138,神旺大酒店,8,8.2,7.8,7.8,8.1,7.6,7.1,78,712,好,8
1139,汉庭酒店上海徐家汇二店,6.9,6.6,6.6,6.3,7.2,6.9,5,8,294,评分,7
1140,青皮树上海市浦东机场镇人民塘路酒店,NaN,NaN,NaN,NaN,NaN,NaN,NaN,NaN,170,NaN,7
1141,莫泰酒店上海外高桥自贸区花山路店,NaN,NaN,NaN,NaN,NaN,NaN,NaN,NaN,208,NaN,7
1142,汉庭酒店上海虹桥合川路店,7.9,7.8,6.8,7.2,7.7,7.7,6.4,23,275,好,0
1143,原法租界石库门公寓,8.2,8.7,9.6,8.4,9.5,8.9,7.5,63,NaN,很棒,NaN
1144,海友上海闵行交大酒店,NaN,NaN,NaN,NaN,NaN,NaN,NaN,NaN,161,NaN,4
1145,锦江之星上海虹桥枢纽七莘路酒店,7,7,7,6.9,6.8,7.2,7,129,408,好,4
1146,如家快捷酒店上海打浦桥店,NaN,NaN,NaN,NaN,NaN,NaN,NaN,NaN,284,NaN,NaN
1147,汉庭上海武宁路酒店,NaN,NaN,NaN,NaN,NaN,NaN,NaN,NaN,294,NaN,5
1148,汉庭酒店上海梅陇银都路店,NaN,NaN,NaN,NaN,NaN,NaN,NaN,NaN,199,NaN,5
1149,恋家小屋,NaN,NaN,NaN,NaN,NaN,NaN,NaN,NaN,468,NaN,1
1150,浦江精选酒店（上海静安寺地铁站店）（原南京西路店）,NaN,NaN,NaN,NaN,NaN,NaN,NaN,7,309,评分,NaN
1151,海友酒店上海城隍庙店,NaN,NaN,NaN,NaN,NaN,NaN,NaN,8,218,好,NaN
1152,上海鼎园瑞峰公寓酒店,6.4,6.5,7.2,6.3,6.8,6.6,5.6,253,469,评分,NaN
1153,全季上海长风公园酒店,8.8,8.5,7.5,8.1,8.3,7.9,5.8,21,569,非常好,9
1154,上海复旦皇冠假日酒店,8.5,8.4,7.8,8.1,8,7.5,6.4,199,750,非常好,7
1155,汉庭酒店上海张江金融信息园店,NaN,NaN,NaN,NaN,NaN,NaN,NaN,NaN,189,NaN,8
1156,汉庭酒店上海虹口足球场二店,7.8,7,7.3,7.2,7.8,7.5,7.5,20,303,好,5
1157,天山河畔花园公寓,9.3,9.2,9.6,9.1,9.6,9.1,8.8,47,NaN,好极了,NaN
1158,白金瀚宫会所,NaN,NaN,NaN,NaN,NaN,NaN,NaN,NaN,NaN,NaN,7
1159,海友上海莘庄龙之梦酒店,NaN,NaN,NaN,NaN,NaN,NaN,NaN,NaN,180,NaN,6
1160,7天连锁酒店上海曹安公路轻纺市场丰庄店,NaN,NaN,NaN,NaN,NaN,NaN,NaN,NaN,210,NaN,0
1161,海友酒店上海火车站店,NaN,NaN,NaN,NaN,NaN,NaN,NaN,NaN,142,NaN,NaN
1162,上海悠庭观天行馆,NaN,NaN,NaN,NaN,NaN,NaN,NaN,NaN,NaN,NaN,8
1163,7天连锁酒店上海闵行都市路店,NaN,NaN,NaN,NaN,NaN,NaN,NaN,NaN,254,NaN,8
1164,猫猫舍,NaN,NaN,NaN,NaN,NaN,NaN,NaN,NaN,NaN,NaN,NaN
1165,宜山公寓,NaN,NaN,NaN,NaN,NaN,NaN,NaN,NaN,196,NaN,6
1166,格林豪泰上海市嘉定区江桥靖远路榆中路快捷酒店,NaN,NaN,NaN,NaN,NaN,NaN,NaN,NaN,218,NaN,4
1167,上海城市生活公寓,8,7.9,8.7,8.1,8.5,8.1,7.2,56,448,非常好,4
1168,锦江之星虹桥沪青平公路二酒店,6.2,6.3,6.8,5.8,6.3,6.6,5.4,31,303,评分,5
1169,汉庭上海川沙金汇广场酒店,NaN,NaN,NaN,NaN,NaN,NaN,NaN,NaN,151,NaN,1
1170,雪丽和吉姆的小屋,NaN,NaN,NaN,NaN,NaN,NaN,NaN,12,188,好,0
1171,原法租界石库门公寓,8.2,8.7,9.6,8.4,9.5,8.9,7.5,63,NaN,很棒,NaN
1172,锦江之星风尚上海浦东机场镇酒店,8.2,7.8,7.6,7.3,7.5,7.8,7.5,31,284,好,6
1173,锦江之星（上海川沙华夏东路地铁站旅游度假区店）,7,7,6.3,6.6,7.5,7.3,8.3,14,208,评分,1
1174,上海艺醍酒店（川沙迪士尼店）,NaN,NaN,NaN,NaN,NaN,NaN,NaN,NaN,338,NaN,3
1175,上海御花园酒店,6.2,6.1,8,6.2,6.6,6.5,5.6,73,518,评分,NaN
1176,开心公寓,NaN,NaN,NaN,NaN,NaN,NaN,NaN,NaN,318,NaN,4
1177,海友上海梅陇莲花南路酒店,NaN,NaN,NaN,NaN,NaN,NaN,NaN,NaN,161,NaN,6
1178,上海虹桥绿地铂瑞公寓,9.3,9.3,8.1,8.9,8.9,8.6,7.3,191,NaN,很棒,NaN
1179,如家快捷酒店上海徐家汇八万人体育场天钥桥路店,6.3,6.4,7.3,6.2,6.5,6.4,6.7,22,246,评分,5
1180,汉庭酒店上海大宁国际店,NaN,NaN,NaN,NaN,NaN,NaN,NaN,7,227,很棒,5
1181,7天连锁酒店上海陆家嘴店,6.2,6.4,6.7,6.1,6.6,6.5,5.8,28,232,评分,4
1182,金茂悦公馆,NaN,NaN,NaN,NaN,NaN,NaN,NaN,NaN,498,NaN,0
1183,汉庭酒店上海江浦路店,NaN,NaN,NaN,NaN,NaN,NaN,NaN,NaN,246,NaN,5
1184,海友酒店上海金桥店,NaN,NaN,NaN,NaN,NaN,NaN,NaN,NaN,NaN,NaN,3
1185,海友上海南站梅陇酒店,NaN,NaN,NaN,NaN,NaN,NaN,NaN,NaN,161,NaN,1
1186,海友酒店上海三林长清路店,NaN,NaN,NaN,NaN,NaN,NaN,NaN,NaN,123,NaN,0
1187,海友上海莘庄高兴路酒店,NaN,NaN,NaN,NaN,NaN,NaN,NaN,NaN,199,NaN,4
1188,汉庭酒店上海天山西路店,7,6.7,7.5,7.2,7.8,6.4,6.7,9,389,好,9
